locus_tag,gene,glucose_NH4,glucose_glutamine,glucose_glutamate,glucose_ornithine,glucose_adenine,glucose_malate_NH4,glucose_nitrate,malate_NH4,pyruvate_NH4,fructose_NH4,glycerol_NH4,gluconate_NH4,succinate_glutamate,Casette,n_grows_01,rank_01,n_grows_05,rank_05,n_grows_1,rank_1
BSU00730,cysK,0.0,0.0,0.048056861,0.055891233,0.0,0.190796386,0.0,0.187356695,0.0,0.132168985,0.0,0.343595057,0.100418562,Erm,38.46153846153847,15.0,0.0,20.0,0.0,9.0
BSU00930,cysE,0.0,0.0,0.0,0.0,0.0,0.0,0.0,0.0,0.0,0.0,0.0,0.0,0.0,Erm,0.0,73.0,0.0,21.0,0.0,10.0
BSU10020,serC,0.0,0.039242001,0.0,0.0,0.0,0.0,0.0,0.0,0.0,0.054296941,0.0,0.185032293,0.0,Erm,7.6923076923076925,48.0,0.0,22.0,0.0,11.0
BSU11190,argC,0.0,0.169431071,0.0,0.794645376,0.0,0.233457401,0.0,0.34272884,0.0,0.143201538,0.0,0.407031955,0.0,Erm,46.15384615384615,9.0,7.6923076923076925,10.0,0.0,12.0
BSU11200,argJ,0.0,0.205268696,0.0,1.183290231,0.156793587,0.290486731,0.0,0.448656449,0.0,0.08651324,0.0,0.484821493,0.0,Erm,46.15384615384615,10.0,7.6923076923076925,11.0,7.6923076923076925,5.0
BSU11210,argB,0.0,0.13366916,0.0,0.840225849,0.0,0.225375156,0.0,0.280436868,0.0,0.062516798,0.0,0.292717823,0.0,Erm,38.46153846153847,16.0,7.6923076923076925,12.0,0.0,13.0
BSU11220,argD,0.14293633,0.39303704,0.42381863,1.129896008,0.289903584,0.328978045,0.0,0.707632036,0.248152923,0.171531263,0.0,0.422473859,0.216422079,Erm,84.61538461538461,2.0,15.384615384615385,9.0,7.6923076923076925,6.0
BSU11250,argF,0.0,0.136372537,0.0,0.0,0.0,0.0,0.0,0.0,0.0,0.0,0.0,0.265965159,0.0,Erm,15.384615384615385,35.0,0.0,23.0,0.0,14.0
BSU13120,proB,0.213851059,0.171748443,0.202300877,0.938118275,0.498236805,0.250135043,0.170420169,0.507481347,0.378694538,0.225209434,0.0,0.56401439,0.343271458,Erm,92.3076923076923,1.0,23.076923076923077,3.0,0.0,15.0
BSU13180,metE,0.0,0.0,0.0,0.0,0.0,0.0,0.0,0.0,0.0,0.0,0.0,0.0,0.0,Erm,0.0,74.0,0.0,24.0,0.0,16.0
BSU17460,glnA,0.0,0.847973451,0.0,0.0,0.0,0.0,0.0,0.0,0.0,0.0,0.0,0.0,0.0,Erm,7.6923076923076925,49.0,7.6923076923076925,13.0,0.0,17.0
BSU18000,citB,0.0,1.231407727,1.115250851,1.222969274,0.0,0.0,0.0,0.0,0.0,0.0,0.0,0.278114969,0.240617687,Erm,38.46153846153847,17.0,23.076923076923077,4.0,23.076923076923077,1.0
BSU18450,gltA,0.0,0.693431088,1.139064824,1.065183849,0.0,0.0,0.0,0.266793378,0.0,0.0,0.0,0.26664482,0.992855467,Erm,46.15384615384615,11.0,30.76923076923077,1.0,15.384615384615385,3.0
BSU21770,ilvA,0.0,0.044693382,0.0,0.031143627,0.174420681,0.0,0.0,0.234290156,0.216871406,0.092054514,0.0,0.168599726,0.046606401,Erm,30.76923076923077,22.0,0.0,25.0,0.0,18.0
BSU21870,ilvD,0.0,0.0,0.0,0.0,0.0,0.0,0.0,0.0,0.0,0.054623667,0.0,0.20454187,0.0,Erm,7.6923076923076925,50.0,0.0,26.0,0.0,19.0
BSU21910,metA,0.0,0.0,0.0,0.0,0.0,0.0,0.0,0.0,0.0,0.0,0.0,0.233901109,0.0,Erm,7.6923076923076925,51.0,0.0,27.0,0.0,20.0
BSU22370,aspB,0.0,0.0,0.0,0.0,0.0,0.0,0.0,0.201038428,0.0,0.0,0.0,0.0,0.0,Erm,7.6923076923076925,52.0,0.0,28.0,0.0,21.0
BSU22610,tyrA,0.0,0.0,0.0,0.0,0.0,0.0,0.0,0.0,0.0,0.0,0.0,0.18546504,0.0,Erm,7.6923076923076925,53.0,0.0,29.0,0.0,22.0
BSU22620,hisC,0.0,0.0,0.0,0.0,0.0,0.0,0.0,0.0,0.0,0.0,0.0,0.0,0.0,Erm,0.0,75.0,0.0,30.0,0.0,23.0
BSU22630,trpA,0.0,0.0,0.0,0.0,0.0,0.0,0.0,0.0,0.0,0.108596254,0.0,0.231987441,0.0,Erm,15.384615384615385,36.0,0.0,31.0,0.0,24.0
BSU22700,aroB,0.0,0.185897485,0.217931506,0.110384687,0.0,0.347737884,0.0,0.0,0.0,0.086830412,0.0,0.407086026,0.079895469,Erm,38.46153846153847,18.0,0.0,32.0,0.0,25.0
BSU23070,serA,0.0,0.0,0.0,0.0,0.0,0.0,0.0,0.0,0.0,0.055994383,0.0,0.199211882,0.0,Erm,7.6923076923076925,54.0,0.0,33.0,0.0,26.0
BSU23080,aroC,0.0,0.0,0.171441363,0.0,0.0,0.478230128,0.0,0.451185543,0.0,0.179182071,0.0,0.450321855,0.0,Erm,38.46153846153847,19.0,0.0,34.0,0.0,27.0
BSU23380,lysA,0.0,0.0,0.0,0.0,0.0,0.142170228,0.0,0.226127527,0.0,0.069925697,0.0,0.18408593,0.028598567,Erm,23.076923076923077,31.0,0.0,35.0,0.0,28.0
BSU25660,aroD,0.0,0.0,0.0,0.0,0.0,0.0,0.0,0.0,0.0,0.0,0.0,0.611586566,0.0,Erm,7.6923076923076925,55.0,7.6923076923076925,14.0,0.0,29.0
BSU27900,pheA,0.047957954,0.0,0.141963397,0.0,0.314820255,0.242006498,0.0,0.337120159,0.0,0.177585993,0.0,0.435324631,0.0,Erm,46.15384615384615,12.0,0.0,36.0,0.0,30.0
BSU28250,leuD,0.053469039,0.0,0.0,0.0,0.0,0.0,0.0,0.0,0.0,0.132595553,0.0,0.31539549,0.0,Erm,15.384615384615385,37.0,0.0,37.0,0.0,31.0
BSU28260,leuC,0.162459755,0.037105116,0.0,0.095275524,0.0,0.192630699,0.0,0.255212731,0.276173043,0.134038432,0.0,0.341970531,0.0,Erm,46.15384615384615,13.0,0.0,38.0,0.0,32.0
BSU28270,leuB,0.051868882,0.0,0.0,0.0,0.0,0.222318525,0.0,0.286223432,0.256571585,0.05347731,0.0,0.32247715,0.047867517,Erm,30.76923076923077,23.0,0.0,39.0,0.0,33.0
BSU28280,leuA,0.188404291,0.0,0.0,0.050040748,0.0,0.269121548,0.0,0.290672529,0.0,0.173763559,0.0,0.365416699,0.0,Erm,38.46153846153847,20.0,0.0,40.0,0.0,34.0
BSU28290,ilvC,0.0,0.0,0.0,0.0,0.0,0.0,0.0,0.0,0.0,0.046617151,0.0,0.233269156,0.0,Erm,7.6923076923076925,56.0,0.0,41.0,0.0,35.0
BSU28310,ilvB,0.0,0.0,0.0,0.0,0.0,0.0,0.0,0.0,0.0,0.058079317,0.0,0.220426218,0.0,Erm,7.6923076923076925,57.0,0.0,42.0,0.0,36.0
BSU29130,icd,0.0,1.06664259,1.095255561,1.199883999,0.0,0.0,0.0,0.0,0.0,0.0,0.0,0.0,0.368266226,Erm,30.76923076923077,24.0,23.076923076923077,5.0,23.076923076923077,2.0
BSU29440,argH,0.0,0.0,0.0,0.0,0.0,0.0,0.0,0.389179531,0.0,0.064113377,0.0,0.342781785,0.0,Erm,15.384615384615385,38.0,0.0,43.0,0.0,37.0
BSU29450,argG,0.0,0.0,0.0,0.0,0.0,0.284197937,0.0,0.406332507,0.0,0.064080184,0.0,0.342200452,0.128241664,Erm,30.76923076923077,25.0,0.0,44.0,0.0,38.0
BSU29620,hisJ,0.031322133,0.036626446,0.092595705,0.103132228,0.247694888,0.155678022,0.10899476,0.254879689,0.184923662,0.207840974,0.242824428,0.352866002,0.239090294,Erm,76.92307692307693,5.0,0.0,45.0,0.0,39.0
BSU29750,aroA,0.0,0.0,0.0,0.0,0.0,0.0,0.0,0.0,0.0,0.168475547,0.0,0.319685013,0.0,Erm,15.384615384615385,39.0,0.0,46.0,0.0,40.0
BSU32240,thrB,0.0,0.0,0.0,0.038365486,0.244696983,0.144632217,0.0,0.264615208,0.0,0.106557848,0.0,0.319773856,0.123637265,Erm,46.15384615384615,14.0,0.0,47.0,0.0,41.0
BSU32250,thrC,0.0,0.041756455,0.0,0.03377693,0.0,0.0,0.0,0.231363787,0.0,0.0,0.0,0.29649098,0.0,Erm,15.384615384615385,40.0,0.0,48.0,0.0,42.0
BSU32260,hom,0.0,0.0,0.0,0.039095307,0.0,0.0,0.0,0.0,0.0,0.057546232,0.0,0.281571451,0.0,Erm,7.6923076923076925,58.0,0.0,49.0,0.0,43.0
BSU34860,hisI,0.0,0.0,0.0,0.0,0.0,0.244635684,0.0,0.0,0.0,0.062364644,0.0,0.204211172,0.0,Erm,15.384615384615385,41.0,0.0,50.0,0.0,44.0
BSU34870,hisF,0.0,0.0,0.0,0.0,0.0,0.0,0.0,0.0,0.0,0.0,0.0,0.348081027,0.0,Erm,7.6923076923076925,59.0,0.0,51.0,0.0,45.0
BSU34880,hisA,0.0,0.0,0.0,0.0,0.0,0.0,0.0,0.0,0.0,0.068540814,0.0,0.315231687,0.0,Erm,7.6923076923076925,60.0,0.0,52.0,0.0,46.0
BSU34890,hisH,0.0,0.0,0.0,0.0,0.0,0.262252665,0.0,0.524519075,0.0,0.168007499,0.0,0.424436606,0.0,Erm,30.76923076923077,26.0,7.6923076923076925,15.0,0.0,47.0
BSU34900,hisB,0.0,0.0,0.0,0.0,0.0,0.0,0.0,0.0,0.0,0.0,0.0,0.281496561,0.0,Erm,7.6923076923076925,61.0,0.0,53.0,0.0,48.0
BSU34910,hisD,0.0,0.0,0.0,0.0,0.0,0.0,0.0,0.294565007,0.0,0.0,0.0,0.214553522,0.0,Erm,15.384615384615385,42.0,0.0,54.0,0.0,49.0
BSU34920,hisG,0.0,0.0,0.0,0.0,0.0,0.0,0.0,0.0,0.0,0.072127249,0.0,0.277196685,0.0,Erm,7.6923076923076925,62.0,0.0,55.0,0.0,50.0
BSU36900,glyA,0.0,0.0,0.0,0.0,0.0,0.0,0.0,0.177708787,0.0,0.0,0.0,0.323161474,0.0,Erm,15.384615384615385,43.0,0.0,56.0,0.0,51.0
BSU00730,cysK,0.038789483,0.120961192,0.08546551,0.0,0.0,0.0,0.0,0.18492971,0.077123226,0.0,0.0,0.0,0.084009852,Kan,15.384615384615385,44.0,0.0,57.0,0.0,52.0
BSU00930,cysE,0.0,0.0,0.0,0.0,0.0,0.0,0.0,0.0,0.0,0.0,0.0,0.0,0.0,Kan,0.0,76.0,0.0,58.0,0.0,53.0
BSU10020,serC,0.0,0.0,0.0,0.0,0.0,0.0,0.0,0.0,0.0,0.0,0.0,0.0,0.0,Kan,0.0,77.0,0.0,59.0,0.0,54.0
BSU11190,argC,0.049388348,0.077172047,0.080405692,1.016501683,0.0,0.0,0.0,0.0,0.0,0.0,0.0,0.0,0.0,Kan,7.6923076923076925,63.0,7.6923076923076925,16.0,7.6923076923076925,7.0
BSU11200,argJ,0.087225175,0.117399004,0.105419942,0.773268327,0.0,0.240845054,0.0,0.351223177,0.086804564,0.0,0.080332519,0.0,0.0,Kan,38.46153846153847,21.0,7.6923076923076925,17.0,0.0,55.0
BSU11210,argB,0.0,0.123685222,0.07507044,0.962619821,0.0,0.0,0.0,0.119980568,0.0,0.0,0.0,0.0,0.0,Kan,23.076923076923077,32.0,7.6923076923076925,18.0,0.0,56.0
BSU11220,argD,0.182329419,0.389916603,0.406020076,0.899270463,0.101393297,0.274954226,0.0,0.335902856,0.163197956,0.067775025,0.149194929,0.0,0.167978516,Kan,76.92307692307693,6.0,7.6923076923076925,19.0,0.0,57.0
BSU11250,argF,0.0,0.0,0.0,0.0,0.0,0.0,0.0,0.0,0.0,0.0,0.0,0.0,0.0,Kan,0.0,78.0,0.0,60.0,0.0,58.0
BSU13120,proB,0.198987447,0.23651202,0.444552554,0.957231839,0.581811081,0.428653429,0.251406281,0.605907165,0.164723741,0.087029985,0.165464285,0.0,0.398319974,Kan,84.61538461538461,3.0,23.076923076923077,6.0,0.0,59.0
BSU13180,metE,0.0,0.0,0.0,0.0,0.0,0.0,0.0,0.0,0.0,0.0,0.0,0.0,0.0,Kan,0.0,79.0,0.0,61.0,0.0,60.0
BSU17460,glnA,0.0,0.149107835,0.0,0.0,0.0,0.0,0.0,0.0,0.0,0.0,0.0,0.0,0.0,Kan,7.6923076923076925,64.0,0.0,62.0,0.0,61.0
BSU18000,citB,0.0,0.815479473,1.02032631,1.046138405,0.0,0.0,0.0,0.0,0.0,0.0,0.0,0.0,0.318442907,Kan,30.76923076923077,27.0,23.076923076923077,7.0,15.384615384615385,4.0
BSU18450,gltA,0.0,0.768003479,1.094571261,0.929555004,0.0,0.0,0.0,0.0,0.0,0.0,0.0,0.0,0.977803752,Kan,30.76923076923077,28.0,30.76923076923077,2.0,7.6923076923076925,8.0
BSU21770,ilvA,0.103531232,0.084719141,0.0,0.0,0.0,0.0,0.0,0.275359946,0.20984467,0.0,0.0,0.09960265,0.0,Kan,23.076923076923077,33.0,0.0,63.0,0.0,62.0
BSU21870,ilvD,0.0,0.0,0.0,0.0,0.0,0.0,0.0,0.0,0.0,0.0,0.0,0.0,0.0,Kan,0.0,80.0,0.0,64.0,0.0,63.0
BSU21910,metA,0.0,0.0,0.0,0.0,0.0,0.0,0.0,0.0,0.0,0.0,0.0,0.0,0.0,Kan,0.0,81.0,0.0,65.0,0.0,64.0
BSU22370,aspB,0.0,0.0,0.0,0.0,0.0,0.0,0.0,0.106260738,0.0,0.0,0.0,0.0,0.0,Kan,7.6923076923076925,65.0,0.0,66.0,0.0,65.0
BSU22610,tyrA,0.0,0.0,0.0,0.0,0.0,0.0,0.0,0.0,0.0,0.0,0.0,0.0,0.0,Kan,0.0,82.0,0.0,67.0,0.0,66.0
BSU22620,hisC,0.0,0.0,0.0,0.0,0.0,0.0,0.0,0.0,0.0,0.0,0.0,0.0,0.0,Kan,0.0,83.0,0.0,68.0,0.0,67.0
BSU22630,trpA,0.067850878,0.0,0.0,0.0,0.0,0.0,0.0,0.0,0.0,0.0,0.0,0.0,0.0,Kan,0.0,84.0,0.0,69.0,0.0,68.0
BSU22700,aroB,0.0,0.0,0.162131552,0.0,0.0,0.0,0.0,0.0,0.0,0.0,0.0,0.0,0.0,Kan,7.6923076923076925,66.0,0.0,70.0,0.0,69.0
BSU23070,serA,0.0,0.0,0.0,0.0,0.0,0.0,0.0,0.0,0.0,0.0,0.0,0.0,0.0,Kan,0.0,85.0,0.0,71.0,0.0,70.0
BSU23080,aroC,0.0,0.0,0.0,0.0,0.0,0.0,0.0,0.0,0.0,0.0,0.0,0.0,0.0,Kan,0.0,86.0,0.0,72.0,0.0,71.0
BSU23380,lysA,0.13234287,0.14394971,0.065888186,0.084313694,0.260834286,0.195929173,0.149601483,0.234059867,0.189872912,0.050188244,0.116997014,0.128659209,0.0,Kan,69.23076923076923,7.0,0.0,73.0,0.0,72.0
BSU25660,aroD,0.0,0.0,0.0,0.0,0.0,0.0,0.0,0.0,0.0,0.0,0.0,0.0,0.0,Kan,0.0,87.0,0.0,74.0,0.0,73.0
BSU27900,pheA,0.0,0.0,0.094402287,0.0,0.0,0.239159258,0.0,0.0,0.0,0.0,0.0,0.0,0.0,Kan,7.6923076923076925,67.0,0.0,75.0,0.0,74.0
BSU28250,leuD,0.0,0.0,0.0,0.0,0.0,0.0,0.0,0.0,0.120079467,0.0,0.0,0.0,0.0,Kan,7.6923076923076925,68.0,0.0,76.0,0.0,75.0
BSU28260,leuC,0.062035431,0.056739917,0.0,0.0,0.0,0.0,0.0,0.184799355,0.19625141,0.0,0.0,0.092611802,0.0,Kan,15.384615384615385,45.0,0.0,77.0,0.0,76.0
BSU28270,leuB,0.0,0.0,0.0,0.0,0.0,0.0,0.0,0.152064641,0.156949035,0.0,0.0,0.0,0.0,Kan,15.384615384615385,46.0,0.0,78.0,0.0,77.0
BSU28280,leuA,0.0,0.0,0.0,0.0,0.0,0.0,0.0,0.0,0.148425983,0.0,0.0,0.0,0.0,Kan,7.6923076923076925,69.0,0.0,79.0,0.0,78.0
BSU28290,ilvC,0.019631969,0.0,0.091924636,0.0,0.0,0.0,0.0,0.108382155,0.0,0.0,0.0,0.0,0.0,Kan,7.6923076923076925,70.0,0.0,80.0,0.0,79.0
BSU28310,ilvB,0.0,0.0,0.0,0.0,0.0,0.0,0.0,0.0,0.083571258,0.0,0.0,0.0,0.0,Kan,0.0,88.0,0.0,81.0,0.0,80.0
BSU29130,icd,0.0,0.774584024,0.729769269,0.90813965,0.0,0.0,0.0,0.0,0.0,0.0,0.0,0.0,0.203179877,Kan,30.76923076923077,29.0,23.076923076923077,8.0,0.0,81.0
BSU29440,argH,0.0,0.0,0.0,0.0,0.0,0.197754273,0.0,0.163205359,0.0,0.0,0.0,0.0,0.0,Kan,15.384615384615385,47.0,0.0,82.0,0.0,82.0
BSU29450,argG,0.119515662,0.050253625,0.0,0.0,0.0,0.103232965,0.0,0.201845949,0.0,0.0,0.0,0.0,0.0,Kan,23.076923076923077,34.0,0.0,83.0,0.0,83.0
BSU29620,hisJ,0.183695605,0.218272479,0.227958487,0.135435515,0.241822704,0.0,0.099903554,0.265174476,0.205607126,0.137922479,0.110093625,0.145927078,0.19255365,Kan,84.61538461538461,4.0,0.0,84.0,0.0,84.0
BSU29750,aroA,0.0,0.0,0.133453237,0.0,0.0,0.0,0.0,0.0,0.0,0.0,0.0,0.0,0.0,Kan,7.6923076923076925,71.0,0.0,85.0,0.0,85.0
BSU32240,thrB,0.126107786,0.061864777,0.099929723,0.0,0.0,0.0,0.0,0.110224711,0.174140158,0.0,0.0,0.173704308,0.0,Kan,30.76923076923077,30.0,0.0,86.0,0.0,86.0
BSU32250,thrC,0.0,0.0,0.0,0.0,0.0,0.0,0.0,0.09818034,0.0,0.0,0.0,0.0,0.0,Kan,0.0,89.0,0.0,87.0,0.0,87.0
BSU32260,hom,0.0,0.0,0.0,0.0,0.0,0.0,0.0,0.0,0.0,0.0,0.0,0.0,0.0,Kan,0.0,90.0,0.0,88.0,0.0,88.0
BSU34860,hisI,0.0,0.0,0.0,0.0,0.0,0.0,0.0,0.0,0.0,0.0,0.0,0.0,0.0,Kan,0.0,91.0,0.0,89.0,0.0,89.0
BSU34870,hisF,0.0,0.0,0.0,0.0,0.0,0.0,0.0,0.0,0.0,0.0,0.0,0.0,0.0,Kan,0.0,92.0,0.0,90.0,0.0,90.0
BSU34880,hisA,0.0,0.0,0.0,0.0,0.0,0.0,0.0,0.0,0.0,0.0,0.0,0.0,0.0,Kan,0.0,93.0,0.0,91.0,0.0,91.0
BSU34890,hisH,0.18234191,0.0,0.0,0.0,0.0,0.256077684,0.0,0.346850705,0.219164701,0.124690601,0.119711719,0.155062004,0.0,Kan,53.84615384615385,8.0,0.0,92.0,0.0,92.0
BSU34900,hisB,0.0,0.0,0.0,0.0,0.0,0.0,0.0,0.0,0.0,0.0,0.0,0.0,0.0,Kan,0.0,94.0,0.0,93.0,0.0,93.0
BSU34910,hisD,0.0,0.0,0.0,0.0,0.0,0.0,0.0,0.0,0.0,0.0,0.0,0.0,0.0,Kan,0.0,95.0,0.0,94.0,0.0,94.0
BSU34920,hisG,0.0,0.0,0.0,0.0,0.0,0.0,0.0,0.0,0.0,0.0,0.0,0.0,0.0,Kan,0.0,96.0,0.0,95.0,0.0,95.0
BSU36900,glyA,0.05271377,0.0,0.0,0.0,0.137662846,0.0,0.0,0.0,0.0,0.046468253,0.0,0.0,0.0,Kan,7.6923076923076925,72.0,0.0,96.0,0.0,96.0
