Environment,Pair,Species,Mean,SEM,Aux1,Aux2,N,C
Ala + Fum,WT+WT,Bs,0.04466666666666667,0.04466666666666667,WT,WT,Ala , Fum
Ala + Gluc,WT+WT,Bs,0.030666666666666665,0.030666666666666665,WT,WT,Ala , Gluc
Ala + Gly,WT+WT,Bs,0.005,0.005,WT,WT,Ala , Gly
Ala + NoC,WT+WT,Bs,0.02816666666666667,0.02816666666666667,WT,WT,Ala , NoC
AmSu + Fum,WT+WT,Bs,0.07883333333333332,0.07883333333333332,WT,WT,AmSu , Fum
AmSu + Gluc,WT+WT,Bs,0.2265,0.2265,WT,WT,AmSu , Gluc
AmSu + Gly,WT+WT,Bs,0.09916666666666667,0.09916666666666667,WT,WT,AmSu , Gly
AmSu + NoC,WT+WT,Bs,0.006666666666666667,0.006666666666666667,WT,WT,AmSu , NoC
Asn + Fum,WT+WT,Bs,0.13416666666666666,0.13416666666666666,WT,WT,Asn , Fum
Asn + Gluc,WT+WT,Bs,0.2383333333333333,0.2383333333333333,WT,WT,Asn , Gluc
Asn + Gly,WT+WT,Bs,0.05683333333333334,0.05683333333333334,WT,WT,Asn , Gly
Asn + NoC,WT+WT,Bs,0.11416666666666665,0.11416666666666665,WT,WT,Asn , NoC
Asp + Fum,WT+WT,Bs,0.08366666666666667,0.08366666666666667,WT,WT,Asp , Fum
Asp + Gluc,WT+WT,Bs,0.3443333333333333,0.3443333333333333,WT,WT,Asp , Gluc
Asp + Gly,WT+WT,Bs,0.06433333333333334,0.06433333333333334,WT,WT,Asp , Gly
Asp + NoC,WT+WT,Bs,0.09583333333333333,0.09583333333333333,WT,WT,Asp , NoC
GNAc + Fum,WT+WT,Bs,0.11233333333333334,0.11233333333333334,WT,WT,GNAc , Fum
GNAc + Gluc,WT+WT,Bs,0.14016666666666666,0.14016666666666666,WT,WT,GNAc , Gluc
GNAc + Gly,WT+WT,Bs,0.082,0.082,WT,WT,GNAc , Gly
GNAc + NoC,WT+WT,Bs,0.2758333333333333,0.2758333333333333,WT,WT,GNAc , NoC
Glcn + Fum,WT+WT,Bs,0.265,0.265,WT,WT,Glcn , Fum
Glcn + Gluc,WT+WT,Bs,0.15616666666666668,0.15616666666666668,WT,WT,Glcn , Gluc
Glcn + Gly,WT+WT,Bs,0.1055,0.1055,WT,WT,Glcn , Gly
Glcn + NoC,WT+WT,Bs,0.17716666666666667,0.17716666666666667,WT,WT,Glcn , NoC
Gln + Fum,WT+WT,Bs,0.11133333333333333,0.11133333333333333,WT,WT,Gln , Fum
Gln + Gluc,WT+WT,Bs,0.3446666666666667,0.3446666666666667,WT,WT,Gln , Gluc
Gln + Gly,WT+WT,Bs,0.044500000000000005,0.044500000000000005,WT,WT,Gln , Gly
Gln + NoC,WT+WT,Bs,0.1585,0.1585,WT,WT,Gln , NoC
Glut + Fum,WT+WT,Bs,0.09249999999999999,0.09249999999999999,WT,WT,Glut , Fum
Glut + Gluc,WT+WT,Bs,0.27316666666666667,0.27316666666666667,WT,WT,Glut , Gluc
Glut + Gly,WT+WT,Bs,0.08916666666666667,0.08916666666666667,WT,WT,Glut , Gly
Glut + NoC,WT+WT,Bs,0.37366666666666665,0.37366666666666665,WT,WT,Glut , NoC
NoN + Fum,WT+WT,Bs,0.028583333333333332,0.028583333333333332,WT,WT,NoN , Fum
NoN + Gluc,WT+WT,Bs,0.074,0.074,WT,WT,NoN , Gluc
NoN + Gly,WT+WT,Bs,0.0325,0.0325,WT,WT,NoN , Gly
NoN + NoC,WT+WT,Bs,0.006333333333333333,0.006333333333333333,WT,WT,NoN , NoC
Pro + Fum,WT+WT,Bs,0.11066666666666668,0.11066666666666668,WT,WT,Pro , Fum
Pro + Gluc,WT+WT,Bs,0.2743333333333333,0.2743333333333333,WT,WT,Pro , Gluc
Pro + Gly,WT+WT,Bs,0.07933333333333333,0.07933333333333333,WT,WT,Pro , Gly
Pro + NoC,WT+WT,Bs,0.16666666666666666,0.16666666666666666,WT,WT,Pro , NoC
Urea + Fum,WT+WT,Bs,0.09966666666666667,0.09966666666666667,WT,WT,Urea , Fum
Urea + Gluc,WT+WT,Bs,0.16749999999999998,0.16749999999999998,WT,WT,Urea , Gluc
Urea + Gly,WT+WT,Bs,0.04733333333333334,0.04733333333333334,WT,WT,Urea , Gly
Urea + NoC,WT+WT,Bs,0.005,0.005,WT,WT,Urea , NoC
Ala + Fum,M+Met,Bs,0.1045,0.1045,M,Met,Ala , Fum
Ala + Gluc,M+Met,Bs,0.2061666666666667,0.2061666666666667,M,Met,Ala , Gluc
Ala + Gly,M+Met,Bs,0.0855,0.0855,M,Met,Ala , Gly
Ala + NoC,M+Met,Bs,0.06266666666666666,0.06266666666666666,M,Met,Ala , NoC
AmSu + Fum,M+Met,Bs,0.0755,0.0755,M,Met,AmSu , Fum
AmSu + Gluc,M+Met,Bs,0.25133333333333335,0.25133333333333335,M,Met,AmSu , Gluc
AmSu + Gly,M+Met,Bs,0.08800000000000001,0.08800000000000001,M,Met,AmSu , Gly
AmSu + NoC,M+Met,Bs,0.005,0.005,M,Met,AmSu , NoC
Asn + Fum,M+Met,Bs,0.09083333333333334,0.09083333333333334,M,Met,Asn , Fum
Asn + Gluc,M+Met,Bs,0.2571666666666667,0.2571666666666667,M,Met,Asn , Gluc
Asn + Gly,M+Met,Bs,0.11316666666666668,0.11316666666666668,M,Met,Asn , Gly
Asn + NoC,M+Met,Bs,0.0815,0.0815,M,Met,Asn , NoC
Asp + Fum,M+Met,Bs,0.06416666666666666,0.06416666666666666,M,Met,Asp , Fum
Asp + Gluc,M+Met,Bs,0.2511666666666667,0.2511666666666667,M,Met,Asp , Gluc
Asp + Gly,M+Met,Bs,0.06983333333333333,0.06983333333333333,M,Met,Asp , Gly
Asp + NoC,M+Met,Bs,0.23916666666666667,0.23916666666666667,M,Met,Asp , NoC
GNAc + Fum,M+Met,Bs,0.13633333333333333,0.13633333333333333,M,Met,GNAc , Fum
GNAc + Gluc,M+Met,Bs,0.2535,0.2535,M,Met,GNAc , Gluc
GNAc + Gly,M+Met,Bs,0.14183333333333334,0.14183333333333334,M,Met,GNAc , Gly
GNAc + NoC,M+Met,Bs,0.15966666666666668,0.15966666666666668,M,Met,GNAc , NoC
Glcn + Fum,M+Met,Bs,0.19616666666666668,0.19616666666666668,M,Met,Glcn , Fum
Glcn + Gluc,M+Met,Bs,0.265,0.265,M,Met,Glcn , Gluc
Glcn + Gly,M+Met,Bs,0.17766666666666667,0.17766666666666667,M,Met,Glcn , Gly
Glcn + NoC,M+Met,Bs,0.21033333333333334,0.21033333333333334,M,Met,Glcn , NoC
Gln + Fum,M+Met,Bs,0.10383333333333333,0.10383333333333333,M,Met,Gln , Fum
Gln + Gluc,M+Met,Bs,0.21566666666666667,0.21566666666666667,M,Met,Gln , Gluc
Gln + Gly,M+Met,Bs,0.10383333333333333,0.10383333333333333,M,Met,Gln , Gly
Gln + NoC,M+Met,Bs,0.13183333333333333,0.13183333333333333,M,Met,Gln , NoC
Glut + Fum,M+Met,Bs,0.10433333333333333,0.10433333333333333,M,Met,Glut , Fum
Glut + Gluc,M+Met,Bs,0.33816666666666667,0.33816666666666667,M,Met,Glut , Gluc
Glut + Gly,M+Met,Bs,0.11683333333333333,0.11683333333333333,M,Met,Glut , Gly
Glut + NoC,M+Met,Bs,0.2828333333333333,0.2828333333333333,M,Met,Glut , NoC
NoN + Fum,M+Met,Bs,0.059166666666666666,0.059166666666666666,M,Met,NoN , Fum
NoN + Gluc,M+Met,Bs,0.06683333333333334,0.06683333333333334,M,Met,NoN , Gluc
NoN + Gly,M+Met,Bs,0.0515,0.0515,M,Met,NoN , Gly
NoN + NoC,M+Met,Bs,0.005,0.005,M,Met,NoN , NoC
Pro + Fum,M+Met,Bs,0.08566666666666667,0.08566666666666667,M,Met,Pro , Fum
Pro + Gluc,M+Met,Bs,0.28450000000000003,0.28450000000000003,M,Met,Pro , Gluc
Pro + Gly,M+Met,Bs,0.09883333333333333,0.09883333333333333,M,Met,Pro , Gly
Pro + NoC,M+Met,Bs,0.102,0.102,M,Met,Pro , NoC
Urea + Fum,M+Met,Bs,0.09433333333333332,0.09433333333333332,M,Met,Urea , Fum
Urea + Gluc,M+Met,Bs,0.2555,0.2555,M,Met,Urea , Gluc
Urea + Gly,M+Met,Bs,0.07733333333333334,0.07733333333333334,M,Met,Urea , Gly
Urea + NoC,M+Met,Bs,0.005,0.005,M,Met,Urea , NoC
Ala + Fum,F+Phe,Bs,0.04566666666666667,0.04566666666666667,F,Phe,Ala , Fum
Ala + Gluc,F+Phe,Bs,0.15233333333333335,0.15233333333333335,F,Phe,Ala , Gluc
Ala + Gly,F+Phe,Bs,0.018833333333333334,0.018833333333333334,F,Phe,Ala , Gly
Ala + NoC,F+Phe,Bs,0.03233333333333333,0.03233333333333333,F,Phe,Ala , NoC
AmSu + Fum,F+Phe,Bs,0.08033333333333333,0.08033333333333333,F,Phe,AmSu , Fum
AmSu + Gluc,F+Phe,Bs,0.14433333333333334,0.14433333333333334,F,Phe,AmSu , Gluc
AmSu + Gly,F+Phe,Bs,0.005,0.005,F,Phe,AmSu , Gly
AmSu + NoC,F+Phe,Bs,0.005,0.005,F,Phe,AmSu , NoC
Asn + Fum,F+Phe,Bs,0.062,0.062,F,Phe,Asn , Fum
Asn + Gluc,F+Phe,Bs,0.14983333333333335,0.14983333333333335,F,Phe,Asn , Gluc
Asn + Gly,F+Phe,Bs,0.07133333333333333,0.07133333333333333,F,Phe,Asn , Gly
Asn + NoC,F+Phe,Bs,0.072,0.072,F,Phe,Asn , NoC
Asp + Fum,F+Phe,Bs,0.042166666666666665,0.042166666666666665,F,Phe,Asp , Fum
Asp + Gluc,F+Phe,Bs,0.1955,0.1955,F,Phe,Asp , Gluc
Asp + Gly,F+Phe,Bs,0.068,0.068,F,Phe,Asp , Gly
Asp + NoC,F+Phe,Bs,0.07566666666666666,0.07566666666666666,F,Phe,Asp , NoC
GNAc + Fum,F+Phe,Bs,0.142,0.142,F,Phe,GNAc , Fum
GNAc + Gluc,F+Phe,Bs,0.12633333333333333,0.12633333333333333,F,Phe,GNAc , Gluc
GNAc + Gly,F+Phe,Bs,0.06266666666666666,0.06266666666666666,F,Phe,GNAc , Gly
GNAc + NoC,F+Phe,Bs,0.06066666666666667,0.06066666666666667,F,Phe,GNAc , NoC
Glcn + Fum,F+Phe,Bs,0.18400000000000002,0.18400000000000002,F,Phe,Glcn , Fum
Glcn + Gluc,F+Phe,Bs,0.118,0.118,F,Phe,Glcn , Gluc
Glcn + Gly,F+Phe,Bs,0.09216666666666666,0.09216666666666666,F,Phe,Glcn , Gly
Glcn + NoC,F+Phe,Bs,0.09866666666666667,0.09866666666666667,F,Phe,Glcn , NoC
Gln + Fum,F+Phe,Bs,0.07916666666666668,0.07916666666666668,F,Phe,Gln , Fum
Gln + Gluc,F+Phe,Bs,0.2135,0.2135,F,Phe,Gln , Gluc
Gln + Gly,F+Phe,Bs,0.076,0.076,F,Phe,Gln , Gly
Gln + NoC,F+Phe,Bs,0.08750000000000001,0.08750000000000001,F,Phe,Gln , NoC
Glut + Fum,F+Phe,Bs,0.06066666666666667,0.06066666666666667,F,Phe,Glut , Fum
Glut + Gluc,F+Phe,Bs,0.159,0.159,F,Phe,Glut , Gluc
Glut + Gly,F+Phe,Bs,0.09000000000000001,0.09000000000000001,F,Phe,Glut , Gly
Glut + NoC,F+Phe,Bs,0.08866666666666667,0.08866666666666667,F,Phe,Glut , NoC
NoN + Fum,F+Phe,Bs,0.04616666666666667,0.04616666666666667,F,Phe,NoN , Fum
NoN + Gluc,F+Phe,Bs,0.05608333333333334,0.05608333333333334,F,Phe,NoN , Gluc
NoN + Gly,F+Phe,Bs,0.005,0.005,F,Phe,NoN , Gly
NoN + NoC,F+Phe,Bs,0.006333333333333333,0.006333333333333333,F,Phe,NoN , NoC
Pro + Fum,F+Phe,Bs,0.08966666666666667,0.08966666666666667,F,Phe,Pro , Fum
Pro + Gluc,F+Phe,Bs,0.20933333333333334,0.20933333333333334,F,Phe,Pro , Gluc
Pro + Gly,F+Phe,Bs,0.054833333333333324,0.054833333333333324,F,Phe,Pro , Gly
Pro + NoC,F+Phe,Bs,0.07966666666666666,0.07966666666666666,F,Phe,Pro , NoC
Urea + Fum,F+Phe,Bs,0.10133333333333333,0.10133333333333333,F,Phe,Urea , Fum
Urea + Gluc,F+Phe,Bs,0.11183333333333334,0.11183333333333334,F,Phe,Urea , Gluc
Urea + Gly,F+Phe,Bs,0.005,0.005,F,Phe,Urea , Gly
Urea + NoC,F+Phe,Bs,0.005,0.005,F,Phe,Urea , NoC
Ala + Fum,R+Arg,Bs,0.0295,0.0295,R,Arg,Ala , Fum
Ala + Gluc,R+Arg,Bs,0.05933333333333333,0.05933333333333333,R,Arg,Ala , Gluc
Ala + Gly,R+Arg,Bs,0.031166666666666665,0.031166666666666665,R,Arg,Ala , Gly
Ala + NoC,R+Arg,Bs,0.03766666666666667,0.03766666666666667,R,Arg,Ala , NoC
AmSu + Fum,R+Arg,Bs,0.037333333333333336,0.037333333333333336,R,Arg,AmSu , Fum
AmSu + Gluc,R+Arg,Bs,0.12383333333333334,0.12383333333333334,R,Arg,AmSu , Gluc
AmSu + Gly,R+Arg,Bs,0.051166666666666666,0.051166666666666666,R,Arg,AmSu , Gly
AmSu + NoC,R+Arg,Bs,0.0055000000000000005,0.0055000000000000005,R,Arg,AmSu , NoC
Asn + Fum,R+Arg,Bs,0.03983333333333333,0.03983333333333333,R,Arg,Asn , Fum
Asn + Gluc,R+Arg,Bs,0.0655,0.0655,R,Arg,Asn , Gluc
Asn + Gly,R+Arg,Bs,0.04733333333333334,0.04733333333333334,R,Arg,Asn , Gly
Asn + NoC,R+Arg,Bs,0.052333333333333336,0.052333333333333336,R,Arg,Asn , NoC
Asp + Fum,R+Arg,Bs,0.0355,0.0355,R,Arg,Asp , Fum
Asp + Gluc,R+Arg,Bs,0.08083333333333333,0.08083333333333333,R,Arg,Asp , Gluc
Asp + Gly,R+Arg,Bs,0.0405,0.0405,R,Arg,Asp , Gly
Asp + NoC,R+Arg,Bs,0.057166666666666664,0.057166666666666664,R,Arg,Asp , NoC
GNAc + Fum,R+Arg,Bs,0.04783333333333333,0.04783333333333333,R,Arg,GNAc , Fum
GNAc + Gluc,R+Arg,Bs,0.08900000000000001,0.08900000000000001,R,Arg,GNAc , Gluc
GNAc + Gly,R+Arg,Bs,0.061,0.061,R,Arg,GNAc , Gly
GNAc + NoC,R+Arg,Bs,0.06499999999999999,0.06499999999999999,R,Arg,GNAc , NoC
Glcn + Fum,R+Arg,Bs,0.07633333333333334,0.07633333333333334,R,Arg,Glcn , Fum
Glcn + Gluc,R+Arg,Bs,0.08666666666666667,0.08666666666666667,R,Arg,Glcn , Gluc
Glcn + Gly,R+Arg,Bs,0.06366666666666666,0.06366666666666666,R,Arg,Glcn , Gly
Glcn + NoC,R+Arg,Bs,0.10099999999999999,0.10099999999999999,R,Arg,Glcn , NoC
Gln + Fum,R+Arg,Bs,0.05449999999999999,0.05449999999999999,R,Arg,Gln , Fum
Gln + Gluc,R+Arg,Bs,0.18283333333333332,0.18283333333333332,R,Arg,Gln , Gluc
Gln + Gly,R+Arg,Bs,0.08483333333333333,0.08483333333333333,R,Arg,Gln , Gly
Gln + NoC,R+Arg,Bs,0.08183333333333333,0.08183333333333333,R,Arg,Gln , NoC
Glut + Fum,R+Arg,Bs,0.050166666666666665,0.050166666666666665,R,Arg,Glut , Fum
Glut + Gluc,R+Arg,Bs,0.16466666666666666,0.16466666666666666,R,Arg,Glut , Gluc
Glut + Gly,R+Arg,Bs,0.062,0.062,R,Arg,Glut , Gly
Glut + NoC,R+Arg,Bs,0.073,0.073,R,Arg,Glut , NoC
NoN + Fum,R+Arg,Bs,0.0295,0.0295,R,Arg,NoN , Fum
NoN + Gluc,R+Arg,Bs,0.09133333333333334,0.09133333333333334,R,Arg,NoN , Gluc
NoN + Gly,R+Arg,Bs,0.03883333333333334,0.03883333333333334,R,Arg,NoN , Gly
NoN + NoC,R+Arg,Bs,0.005,0.005,R,Arg,NoN , NoC
Pro + Fum,R+Arg,Bs,0.04033333333333333,0.04033333333333333,R,Arg,Pro , Fum
Pro + Gluc,R+Arg,Bs,0.11699999999999999,0.11699999999999999,R,Arg,Pro , Gluc
Pro + Gly,R+Arg,Bs,0.041833333333333333,0.041833333333333333,R,Arg,Pro , Gly
Pro + NoC,R+Arg,Bs,0.04633333333333334,0.04633333333333334,R,Arg,Pro , NoC
Urea + Fum,R+Arg,Bs,0.027999999999999997,0.027999999999999997,R,Arg,Urea , Fum
Urea + Gluc,R+Arg,Bs,0.08066666666666666,0.08066666666666666,R,Arg,Urea , Gluc
Urea + Gly,R+Arg,Bs,0.03783333333333334,0.03783333333333334,R,Arg,Urea , Gly
Urea + NoC,R+Arg,Bs,0.005,0.005,R,Arg,Urea , NoC
Ala + Fum,C+Cys,Bs,0.052,0.052,C,Cys,Ala , Fum
Ala + Gluc,C+Cys,Bs,0.11466666666666665,0.11466666666666665,C,Cys,Ala , Gluc
Ala + Gly,C+Cys,Bs,0.16333333333333333,0.16333333333333333,C,Cys,Ala , Gly
Ala + NoC,C+Cys,Bs,0.012333333333333333,0.012333333333333333,C,Cys,Ala , NoC
AmSu + Fum,C+Cys,Bs,0.06883333333333334,0.06883333333333334,C,Cys,AmSu , Fum
AmSu + Gluc,C+Cys,Bs,0.19883333333333333,0.19883333333333333,C,Cys,AmSu , Gluc
AmSu + Gly,C+Cys,Bs,0.42733333333333334,0.42733333333333334,C,Cys,AmSu , Gly
AmSu + NoC,C+Cys,Bs,0.005,0.005,C,Cys,AmSu , NoC
Asn + Fum,C+Cys,Bs,0.19600000000000004,0.19600000000000004,C,Cys,Asn , Fum
Asn + Gluc,C+Cys,Bs,0.20633333333333334,0.20633333333333334,C,Cys,Asn , Gluc
Asn + Gly,C+Cys,Bs,0.1945,0.1945,C,Cys,Asn , Gly
Asn + NoC,C+Cys,Bs,0.1985,0.1985,C,Cys,Asn , NoC
Asp + Fum,C+Cys,Bs,0.08650000000000001,0.08650000000000001,C,Cys,Asp , Fum
Asp + Gluc,C+Cys,Bs,0.15533333333333335,0.15533333333333335,C,Cys,Asp , Gluc
Asp + Gly,C+Cys,Bs,0.09349999999999999,0.09349999999999999,C,Cys,Asp , Gly
Asp + NoC,C+Cys,Bs,0.107,0.107,C,Cys,Asp , NoC
GNAc + Fum,C+Cys,Bs,0.0425,0.0425,C,Cys,GNAc , Fum
GNAc + Gluc,C+Cys,Bs,0.14516666666666667,0.14516666666666667,C,Cys,GNAc , Gluc
GNAc + Gly,C+Cys,Bs,0.11,0.11,C,Cys,GNAc , Gly
GNAc + NoC,C+Cys,Bs,0.03283333333333333,0.03283333333333333,C,Cys,GNAc , NoC
Glcn + Fum,C+Cys,Bs,0.08850000000000001,0.08850000000000001,C,Cys,Glcn , Fum
Glcn + Gluc,C+Cys,Bs,0.154,0.154,C,Cys,Glcn , Gluc
Glcn + Gly,C+Cys,Bs,0.144,0.144,C,Cys,Glcn , Gly
Glcn + NoC,C+Cys,Bs,0.14133333333333334,0.14133333333333334,C,Cys,Glcn , NoC
Gln + Fum,C+Cys,Bs,0.07566666666666667,0.07566666666666667,C,Cys,Gln , Fum
Gln + Gluc,C+Cys,Bs,0.234,0.234,C,Cys,Gln , Gluc
Gln + Gly,C+Cys,Bs,0.10983333333333334,0.10983333333333334,C,Cys,Gln , Gly
Gln + NoC,C+Cys,Bs,0.07333333333333333,0.07333333333333333,C,Cys,Gln , NoC
Glut + Fum,C+Cys,Bs,0.06849999999999999,0.06849999999999999,C,Cys,Glut , Fum
Glut + Gluc,C+Cys,Bs,0.23450000000000001,0.23450000000000001,C,Cys,Glut , Gluc
Glut + Gly,C+Cys,Bs,0.12216666666666666,0.12216666666666666,C,Cys,Glut , Gly
Glut + NoC,C+Cys,Bs,0.051333333333333335,0.051333333333333335,C,Cys,Glut , NoC
NoN + Fum,C+Cys,Bs,0.036083333333333335,0.036083333333333335,C,Cys,NoN , Fum
NoN + Gluc,C+Cys,Bs,0.06366666666666666,0.06366666666666666,C,Cys,NoN , Gluc
NoN + Gly,C+Cys,Bs,0.049166666666666664,0.049166666666666664,C,Cys,NoN , Gly
NoN + NoC,C+Cys,Bs,0.005,0.005,C,Cys,NoN , NoC
Pro + Fum,C+Cys,Bs,0.18333333333333335,0.18333333333333335,C,Cys,Pro , Fum
Pro + Gluc,C+Cys,Bs,0.256,0.256,C,Cys,Pro , Gluc
Pro + Gly,C+Cys,Bs,0.2145,0.2145,C,Cys,Pro , Gly
Pro + NoC,C+Cys,Bs,0.012499999999999999,0.012499999999999999,C,Cys,Pro , NoC
Urea + Fum,C+Cys,Bs,0.03233333333333333,0.03233333333333333,C,Cys,Urea , Fum
Urea + Gluc,C+Cys,Bs,0.13816666666666666,0.13816666666666666,C,Cys,Urea , Gluc
Urea + Gly,C+Cys,Bs,0.12516666666666668,0.12516666666666668,C,Cys,Urea , Gly
Urea + NoC,C+Cys,Bs,0.005,0.005,C,Cys,Urea , NoC
Ala + Fum,S+Ser,Bs,0.06466666666666666,0.06466666666666666,S,Ser,Ala , Fum
Ala + Gluc,S+Ser,Bs,0.1275,0.1275,S,Ser,Ala , Gluc
Ala + Gly,S+Ser,Bs,0.04533333333333334,0.04533333333333334,S,Ser,Ala , Gly
Ala + NoC,S+Ser,Bs,0.024666666666666667,0.024666666666666667,S,Ser,Ala , NoC
AmSu + Fum,S+Ser,Bs,0.005,0.005,S,Ser,AmSu , Fum
AmSu + Gluc,S+Ser,Bs,0.005,0.005,S,Ser,AmSu , Gluc
AmSu + Gly,S+Ser,Bs,0.005,0.005,S,Ser,AmSu , Gly
AmSu + NoC,S+Ser,Bs,0.005,0.005,S,Ser,AmSu , NoC
Asn + Fum,S+Ser,Bs,0.13933333333333334,0.13933333333333334,S,Ser,Asn , Fum
Asn + Gluc,S+Ser,Bs,0.08783333333333333,0.08783333333333333,S,Ser,Asn , Gluc
Asn + Gly,S+Ser,Bs,0.07983333333333333,0.07983333333333333,S,Ser,Asn , Gly
Asn + NoC,S+Ser,Bs,0.0405,0.0405,S,Ser,Asn , NoC
Asp + Fum,S+Ser,Bs,0.04466666666666667,0.04466666666666667,S,Ser,Asp , Fum
Asp + Gluc,S+Ser,Bs,0.13266666666666668,0.13266666666666668,S,Ser,Asp , Gluc
Asp + Gly,S+Ser,Bs,0.04833333333333334,0.04833333333333334,S,Ser,Asp , Gly
Asp + NoC,S+Ser,Bs,0.042833333333333334,0.042833333333333334,S,Ser,Asp , NoC
GNAc + Fum,S+Ser,Bs,0.005,0.005,S,Ser,GNAc , Fum
GNAc + Gluc,S+Ser,Bs,0.005,0.005,S,Ser,GNAc , Gluc
GNAc + Gly,S+Ser,Bs,0.005,0.005,S,Ser,GNAc , Gly
GNAc + NoC,S+Ser,Bs,0.005,0.005,S,Ser,GNAc , NoC
Glcn + Fum,S+Ser,Bs,0.005,0.005,S,Ser,Glcn , Fum
Glcn + Gluc,S+Ser,Bs,0.005,0.005,S,Ser,Glcn , Gluc
Glcn + Gly,S+Ser,Bs,0.005,0.005,S,Ser,Glcn , Gly
Glcn + NoC,S+Ser,Bs,0.005,0.005,S,Ser,Glcn , NoC
Gln + Fum,S+Ser,Bs,0.059666666666666666,0.059666666666666666,S,Ser,Gln , Fum
Gln + Gluc,S+Ser,Bs,0.16066666666666665,0.16066666666666665,S,Ser,Gln , Gluc
Gln + Gly,S+Ser,Bs,0.04066666666666666,0.04066666666666666,S,Ser,Gln , Gly
Gln + NoC,S+Ser,Bs,0.05983333333333333,0.05983333333333333,S,Ser,Gln , NoC
Glut + Fum,S+Ser,Bs,0.09466666666666668,0.09466666666666668,S,Ser,Glut , Fum
Glut + Gluc,S+Ser,Bs,0.21283333333333335,0.21283333333333335,S,Ser,Glut , Gluc
Glut + Gly,S+Ser,Bs,0.08616666666666667,0.08616666666666667,S,Ser,Glut , Gly
Glut + NoC,S+Ser,Bs,0.01,0.01,S,Ser,Glut , NoC
NoN + Fum,S+Ser,Bs,0.005,0.005,S,Ser,NoN , Fum
NoN + Gluc,S+Ser,Bs,0.005,0.005,S,Ser,NoN , Gluc
NoN + Gly,S+Ser,Bs,0.005,0.005,S,Ser,NoN , Gly
NoN + NoC,S+Ser,Bs,0.005,0.005,S,Ser,NoN , NoC
Pro + Fum,S+Ser,Bs,0.0645,0.0645,S,Ser,Pro , Fum
Pro + Gluc,S+Ser,Bs,0.15616666666666668,0.15616666666666668,S,Ser,Pro , Gluc
Pro + Gly,S+Ser,Bs,0.04,0.04,S,Ser,Pro , Gly
Pro + NoC,S+Ser,Bs,0.08066666666666666,0.08066666666666666,S,Ser,Pro , NoC
Urea + Fum,S+Ser,Bs,0.005,0.005,S,Ser,Urea , Fum
Urea + Gluc,S+Ser,Bs,0.005,0.005,S,Ser,Urea , Gluc
Urea + Gly,S+Ser,Bs,0.005,0.005,S,Ser,Urea , Gly
Urea + NoC,S+Ser,Bs,0.005,0.005,S,Ser,Urea , NoC
Ala + Fum,L+Leu,Bs,0.15666666666666665,0.15666666666666665,L,Leu,Ala , Fum
Ala + Gluc,L+Leu,Bs,0.19883333333333333,0.19883333333333333,L,Leu,Ala , Gluc
Ala + Gly,L+Leu,Bs,0.08633333333333333,0.08633333333333333,L,Leu,Ala , Gly
Ala + NoC,L+Leu,Bs,0.07766666666666666,0.07766666666666666,L,Leu,Ala , NoC
AmSu + Fum,L+Leu,Bs,0.07666666666666666,0.07666666666666666,L,Leu,AmSu , Fum
AmSu + Gluc,L+Leu,Bs,0.163,0.163,L,Leu,AmSu , Gluc
AmSu + Gly,L+Leu,Bs,0.0845,0.0845,L,Leu,AmSu , Gly
AmSu + NoC,L+Leu,Bs,0.005,0.005,L,Leu,AmSu , NoC
Asn + Fum,L+Leu,Bs,0.11166666666666668,0.11166666666666668,L,Leu,Asn , Fum
Asn + Gluc,L+Leu,Bs,0.17116666666666666,0.17116666666666666,L,Leu,Asn , Gluc
Asn + Gly,L+Leu,Bs,0.10166666666666667,0.10166666666666667,L,Leu,Asn , Gly
Asn + NoC,L+Leu,Bs,0.09733333333333334,0.09733333333333334,L,Leu,Asn , NoC
Asp + Fum,L+Leu,Bs,0.0775,0.0775,L,Leu,Asp , Fum
Asp + Gluc,L+Leu,Bs,0.15483333333333335,0.15483333333333335,L,Leu,Asp , Gluc
Asp + Gly,L+Leu,Bs,0.1235,0.1235,L,Leu,Asp , Gly
Asp + NoC,L+Leu,Bs,0.134,0.134,L,Leu,Asp , NoC
GNAc + Fum,L+Leu,Bs,0.15233333333333335,0.15233333333333335,L,Leu,GNAc , Fum
GNAc + Gluc,L+Leu,Bs,0.12283333333333334,0.12283333333333334,L,Leu,GNAc , Gluc
GNAc + Gly,L+Leu,Bs,0.11416666666666668,0.11416666666666668,L,Leu,GNAc , Gly
GNAc + NoC,L+Leu,Bs,0.11466666666666665,0.11466666666666665,L,Leu,GNAc , NoC
Glcn + Fum,L+Leu,Bs,0.15316666666666667,0.15316666666666667,L,Leu,Glcn , Fum
Glcn + Gluc,L+Leu,Bs,0.13,0.13,L,Leu,Glcn , Gluc
Glcn + Gly,L+Leu,Bs,0.12716666666666668,0.12716666666666668,L,Leu,Glcn , Gly
Glcn + NoC,L+Leu,Bs,0.14083333333333334,0.14083333333333334,L,Leu,Glcn , NoC
Gln + Fum,L+Leu,Bs,0.1738333333333333,0.1738333333333333,L,Leu,Gln , Fum
Gln + Gluc,L+Leu,Bs,0.21633333333333335,0.21633333333333335,L,Leu,Gln , Gluc
Gln + Gly,L+Leu,Bs,0.12183333333333334,0.12183333333333334,L,Leu,Gln , Gly
Gln + NoC,L+Leu,Bs,0.13633333333333333,0.13633333333333333,L,Leu,Gln , NoC
Glut + Fum,L+Leu,Bs,0.12033333333333333,0.12033333333333333,L,Leu,Glut , Fum
Glut + Gluc,L+Leu,Bs,0.14883333333333335,0.14883333333333335,L,Leu,Glut , Gluc
Glut + Gly,L+Leu,Bs,0.159,0.159,L,Leu,Glut , Gly
Glut + NoC,L+Leu,Bs,0.2818333333333333,0.2818333333333333,L,Leu,Glut , NoC
NoN + Fum,L+Leu,Bs,0.05858333333333333,0.05858333333333333,L,Leu,NoN , Fum
NoN + Gluc,L+Leu,Bs,0.04225,0.04225,L,Leu,NoN , Gluc
NoN + Gly,L+Leu,Bs,0.036333333333333336,0.036333333333333336,L,Leu,NoN , Gly
NoN + NoC,L+Leu,Bs,0.005,0.005,L,Leu,NoN , NoC
Pro + Fum,L+Leu,Bs,0.12116666666666666,0.12116666666666666,L,Leu,Pro , Fum
Pro + Gluc,L+Leu,Bs,0.149,0.149,L,Leu,Pro , Gluc
Pro + Gly,L+Leu,Bs,0.07933333333333333,0.07933333333333333,L,Leu,Pro , Gly
Pro + NoC,L+Leu,Bs,0.12283333333333334,0.12283333333333334,L,Leu,Pro , NoC
Urea + Fum,L+Leu,Bs,0.09916666666666667,0.09916666666666667,L,Leu,Urea , Fum
Urea + Gluc,L+Leu,Bs,0.1465,0.1465,L,Leu,Urea , Gluc
Urea + Gly,L+Leu,Bs,0.029833333333333333,0.029833333333333333,L,Leu,Urea , Gly
Urea + NoC,L+Leu,Bs,0.005,0.005,L,Leu,Urea , NoC
Ala + Fum,WT+WT,Ec,0.5588333333333333,0.5588333333333333,WT,WT,Ala , Fum
Ala + Gluc,WT+WT,Ec,0.05533333333333334,0.05533333333333334,WT,WT,Ala , Gluc
Ala + Gly,WT+WT,Ec,0.15533333333333332,0.15533333333333332,WT,WT,Ala , Gly
Ala + NoC,WT+WT,Ec,0.14066666666666666,0.14066666666666666,WT,WT,Ala , NoC
AmSu + Fum,WT+WT,Ec,0.6366666666666667,0.6366666666666667,WT,WT,AmSu , Fum
AmSu + Gluc,WT+WT,Ec,0.16433333333333333,0.16433333333333333,WT,WT,AmSu , Gluc
AmSu + Gly,WT+WT,Ec,0.35683333333333334,0.35683333333333334,WT,WT,AmSu , Gly
AmSu + NoC,WT+WT,Ec,0.005,0.005,WT,WT,AmSu , NoC
Asn + Fum,WT+WT,Ec,0.3183333333333333,0.3183333333333333,WT,WT,Asn , Fum
Asn + Gluc,WT+WT,Ec,1.0313333333333332,1.0313333333333332,WT,WT,Asn , Gluc
Asn + Gly,WT+WT,Ec,0.7885,0.7885,WT,WT,Asn , Gly
Asn + NoC,WT+WT,Ec,0.08849999999999998,0.08849999999999998,WT,WT,Asn , NoC
Asp + Fum,WT+WT,Ec,0.5178333333333334,0.5178333333333334,WT,WT,Asp , Fum
Asp + Gluc,WT+WT,Ec,0.785,0.785,WT,WT,Asp , Gluc
Asp + Gly,WT+WT,Ec,1.0106666666666666,1.0106666666666666,WT,WT,Asp , Gly
Asp + NoC,WT+WT,Ec,0.15316666666666665,0.15316666666666665,WT,WT,Asp , NoC
GNAc + Fum,WT+WT,Ec,0.1135,0.1135,WT,WT,GNAc , Fum
GNAc + Gluc,WT+WT,Ec,0.06916666666666667,0.06916666666666667,WT,WT,GNAc , Gluc
GNAc + Gly,WT+WT,Ec,0.07833333333333334,0.07833333333333334,WT,WT,GNAc , Gly
GNAc + NoC,WT+WT,Ec,0.07100000000000001,0.07100000000000001,WT,WT,GNAc , NoC
Glcn + Fum,WT+WT,Ec,0.5721666666666666,0.5721666666666666,WT,WT,Glcn , Fum
Glcn + Gluc,WT+WT,Ec,0.09050000000000001,0.09050000000000001,WT,WT,Glcn , Gluc
Glcn + Gly,WT+WT,Ec,0.26316666666666666,0.26316666666666666,WT,WT,Glcn , Gly
Glcn + NoC,WT+WT,Ec,0.15166666666666667,0.15166666666666667,WT,WT,Glcn , NoC
Gln + Fum,WT+WT,Ec,0.8896666666666667,0.8896666666666667,WT,WT,Gln , Fum
Gln + Gluc,WT+WT,Ec,0.12816666666666668,0.12816666666666668,WT,WT,Gln , Gluc
Gln + Gly,WT+WT,Ec,0.325,0.325,WT,WT,Gln , Gly
Gln + NoC,WT+WT,Ec,0.08,0.08,WT,WT,Gln , NoC
Glut + Fum,WT+WT,Ec,0.5473333333333333,0.5473333333333333,WT,WT,Glut , Fum
Glut + Gluc,WT+WT,Ec,0.083,0.083,WT,WT,Glut , Gluc
Glut + Gly,WT+WT,Ec,0.3746666666666667,0.3746666666666667,WT,WT,Glut , Gly
Glut + NoC,WT+WT,Ec,0.007166666666666666,0.007166666666666666,WT,WT,Glut , NoC
NoN + Fum,WT+WT,Ec,0.04041666666666666,0.04041666666666666,WT,WT,NoN , Fum
NoN + Gluc,WT+WT,Ec,0.04608333333333333,0.04608333333333333,WT,WT,NoN , Gluc
NoN + Gly,WT+WT,Ec,0.03275,0.03275,WT,WT,NoN , Gly
NoN + NoC,WT+WT,Ec,0.007083333333333333,0.007083333333333333,WT,WT,NoN , NoC
Pro + Fum,WT+WT,Ec,0.502,0.502,WT,WT,Pro , Fum
Pro + Gluc,WT+WT,Ec,0.08650000000000001,0.08650000000000001,WT,WT,Pro , Gluc
Pro + Gly,WT+WT,Ec,0.13516666666666666,0.13516666666666666,WT,WT,Pro , Gly
Pro + NoC,WT+WT,Ec,0.07483333333333334,0.07483333333333334,WT,WT,Pro , NoC
Urea + Fum,WT+WT,Ec,0.39266666666666666,0.39266666666666666,WT,WT,Urea , Fum
Urea + Gluc,WT+WT,Ec,0.08666666666666667,0.08666666666666667,WT,WT,Urea , Gluc
Urea + Gly,WT+WT,Ec,0.2801666666666667,0.2801666666666667,WT,WT,Urea , Gly
Urea + NoC,WT+WT,Ec,0.005,0.005,WT,WT,Urea , NoC
Ala + Fum,M+Met,Ec,0.6955,0.6955,M,Met,Ala , Fum
Ala + Gluc,M+Met,Ec,0.0725,0.0725,M,Met,Ala , Gluc
Ala + Gly,M+Met,Ec,0.17600000000000002,0.17600000000000002,M,Met,Ala , Gly
Ala + NoC,M+Met,Ec,0.2611666666666667,0.2611666666666667,M,Met,Ala , NoC
AmSu + Fum,M+Met,Ec,0.6696666666666666,0.6696666666666666,M,Met,AmSu , Fum
AmSu + Gluc,M+Met,Ec,0.166,0.166,M,Met,AmSu , Gluc
AmSu + Gly,M+Met,Ec,0.246,0.246,M,Met,AmSu , Gly
AmSu + NoC,M+Met,Ec,0.005,0.005,M,Met,AmSu , NoC
Asn + Fum,M+Met,Ec,0.5830000000000001,0.5830000000000001,M,Met,Asn , Fum
Asn + Gluc,M+Met,Ec,0.9888333333333333,0.9888333333333333,M,Met,Asn , Gluc
Asn + Gly,M+Met,Ec,0.9743333333333334,0.9743333333333334,M,Met,Asn , Gly
Asn + NoC,M+Met,Ec,0.11183333333333334,0.11183333333333334,M,Met,Asn , NoC
Asp + Fum,M+Met,Ec,0.8115,0.8115,M,Met,Asp , Fum
Asp + Gluc,M+Met,Ec,0.5445,0.5445,M,Met,Asp , Gluc
Asp + Gly,M+Met,Ec,0.7853333333333333,0.7853333333333333,M,Met,Asp , Gly
Asp + NoC,M+Met,Ec,0.2578333333333333,0.2578333333333333,M,Met,Asp , NoC
GNAc + Fum,M+Met,Ec,0.166,0.166,M,Met,GNAc , Fum
GNAc + Gluc,M+Met,Ec,0.08183333333333333,0.08183333333333333,M,Met,GNAc , Gluc
GNAc + Gly,M+Met,Ec,0.07683333333333332,0.07683333333333332,M,Met,GNAc , Gly
GNAc + NoC,M+Met,Ec,0.09666666666666666,0.09666666666666666,M,Met,GNAc , NoC
Glcn + Fum,M+Met,Ec,0.24149999999999996,0.24149999999999996,M,Met,Glcn , Fum
Glcn + Gluc,M+Met,Ec,0.09849999999999999,0.09849999999999999,M,Met,Glcn , Gluc
Glcn + Gly,M+Met,Ec,0.07883333333333332,0.07883333333333332,M,Met,Glcn , Gly
Glcn + NoC,M+Met,Ec,0.11666666666666665,0.11666666666666665,M,Met,Glcn , NoC
Gln + Fum,M+Met,Ec,0.7608333333333333,0.7608333333333333,M,Met,Gln , Fum
Gln + Gluc,M+Met,Ec,0.09783333333333333,0.09783333333333333,M,Met,Gln , Gluc
Gln + Gly,M+Met,Ec,0.23716666666666666,0.23716666666666666,M,Met,Gln , Gly
Gln + NoC,M+Met,Ec,0.076,0.076,M,Met,Gln , NoC
Glut + Fum,M+Met,Ec,0.4326666666666667,0.4326666666666667,M,Met,Glut , Fum
Glut + Gluc,M+Met,Ec,0.09883333333333333,0.09883333333333333,M,Met,Glut , Gluc
Glut + Gly,M+Met,Ec,0.23749999999999996,0.23749999999999996,M,Met,Glut , Gly
Glut + NoC,M+Met,Ec,0.015666666666666666,0.015666666666666666,M,Met,Glut , NoC
NoN + Fum,M+Met,Ec,0.077,0.077,M,Met,NoN , Fum
NoN + Gluc,M+Met,Ec,0.050833333333333335,0.050833333333333335,M,Met,NoN , Gluc
NoN + Gly,M+Met,Ec,0.049416666666666664,0.049416666666666664,M,Met,NoN , Gly
NoN + NoC,M+Met,Ec,0.005,0.005,M,Met,NoN , NoC
Pro + Fum,M+Met,Ec,0.5535,0.5535,M,Met,Pro , Fum
Pro + Gluc,M+Met,Ec,0.10583333333333333,0.10583333333333333,M,Met,Pro , Gluc
Pro + Gly,M+Met,Ec,0.14366666666666666,0.14366666666666666,M,Met,Pro , Gly
Pro + NoC,M+Met,Ec,0.08600000000000001,0.08600000000000001,M,Met,Pro , NoC
Urea + Fum,M+Met,Ec,0.43016666666666664,0.43016666666666664,M,Met,Urea , Fum
Urea + Gluc,M+Met,Ec,0.09966666666666667,0.09966666666666667,M,Met,Urea , Gluc
Urea + Gly,M+Met,Ec,0.22333333333333336,0.22333333333333336,M,Met,Urea , Gly
Urea + NoC,M+Met,Ec,0.0055000000000000005,0.0055000000000000005,M,Met,Urea , NoC
Ala + Fum,F+Phe,Ec,0.5815,0.5815,F,Phe,Ala , Fum
Ala + Gluc,F+Phe,Ec,0.0675,0.0675,F,Phe,Ala , Gluc
Ala + Gly,F+Phe,Ec,0.11616666666666665,0.11616666666666665,F,Phe,Ala , Gly
Ala + NoC,F+Phe,Ec,0.2505,0.2505,F,Phe,Ala , NoC
AmSu + Fum,F+Phe,Ec,0.6636666666666667,0.6636666666666667,F,Phe,AmSu , Fum
AmSu + Gluc,F+Phe,Ec,0.148,0.148,F,Phe,AmSu , Gluc
AmSu + Gly,F+Phe,Ec,0.32716666666666666,0.32716666666666666,F,Phe,AmSu , Gly
AmSu + NoC,F+Phe,Ec,0.0075,0.0075,F,Phe,AmSu , NoC
Asn + Fum,F+Phe,Ec,0.3981666666666666,0.3981666666666666,F,Phe,Asn , Fum
Asn + Gluc,F+Phe,Ec,1.0103333333333333,1.0103333333333333,F,Phe,Asn , Gluc
Asn + Gly,F+Phe,Ec,0.9893333333333333,0.9893333333333333,F,Phe,Asn , Gly
Asn + NoC,F+Phe,Ec,0.09700000000000002,0.09700000000000002,F,Phe,Asn , NoC
Asp + Fum,F+Phe,Ec,0.6255000000000001,0.6255000000000001,F,Phe,Asp , Fum
Asp + Gluc,F+Phe,Ec,0.8175,0.8175,F,Phe,Asp , Gluc
Asp + Gly,F+Phe,Ec,1.2366666666666666,1.2366666666666666,F,Phe,Asp , Gly
Asp + NoC,F+Phe,Ec,0.149,0.149,F,Phe,Asp , NoC
GNAc + Fum,F+Phe,Ec,0.15616666666666668,0.15616666666666668,F,Phe,GNAc , Fum
GNAc + Gluc,F+Phe,Ec,0.06116666666666667,0.06116666666666667,F,Phe,GNAc , Gluc
GNAc + Gly,F+Phe,Ec,0.13183333333333333,0.13183333333333333,F,Phe,GNAc , Gly
GNAc + NoC,F+Phe,Ec,0.09200000000000001,0.09200000000000001,F,Phe,GNAc , NoC
Glcn + Fum,F+Phe,Ec,0.7516666666666666,0.7516666666666666,F,Phe,Glcn , Fum
Glcn + Gluc,F+Phe,Ec,0.08900000000000001,0.08900000000000001,F,Phe,Glcn , Gluc
Glcn + Gly,F+Phe,Ec,0.2585,0.2585,F,Phe,Glcn , Gly
Glcn + NoC,F+Phe,Ec,0.1668333333333333,0.1668333333333333,F,Phe,Glcn , NoC
Gln + Fum,F+Phe,Ec,0.7876666666666666,0.7876666666666666,F,Phe,Gln , Fum
Gln + Gluc,F+Phe,Ec,0.09633333333333333,0.09633333333333333,F,Phe,Gln , Gluc
Gln + Gly,F+Phe,Ec,0.27,0.27,F,Phe,Gln , Gly
Gln + NoC,F+Phe,Ec,0.07883333333333332,0.07883333333333332,F,Phe,Gln , NoC
Glut + Fum,F+Phe,Ec,0.4793333333333334,0.4793333333333334,F,Phe,Glut , Fum
Glut + Gluc,F+Phe,Ec,0.09649999999999999,0.09649999999999999,F,Phe,Glut , Gluc
Glut + Gly,F+Phe,Ec,0.3988333333333333,0.3988333333333333,F,Phe,Glut , Gly
Glut + NoC,F+Phe,Ec,0.02033333333333333,0.02033333333333333,F,Phe,Glut , NoC
NoN + Fum,F+Phe,Ec,0.058499999999999996,0.058499999999999996,F,Phe,NoN , Fum
NoN + Gluc,F+Phe,Ec,0.043333333333333335,0.043333333333333335,F,Phe,NoN , Gluc
NoN + Gly,F+Phe,Ec,0.043000000000000003,0.043000000000000003,F,Phe,NoN , Gly
NoN + NoC,F+Phe,Ec,0.005833333333333334,0.005833333333333334,F,Phe,NoN , NoC
Pro + Fum,F+Phe,Ec,0.5238333333333333,0.5238333333333333,F,Phe,Pro , Fum
Pro + Gluc,F+Phe,Ec,0.09000000000000001,0.09000000000000001,F,Phe,Pro , Gluc
Pro + Gly,F+Phe,Ec,0.1691666666666667,0.1691666666666667,F,Phe,Pro , Gly
Pro + NoC,F+Phe,Ec,0.07816666666666666,0.07816666666666666,F,Phe,Pro , NoC
Urea + Fum,F+Phe,Ec,0.5128333333333334,0.5128333333333334,F,Phe,Urea , Fum
Urea + Gluc,F+Phe,Ec,0.09283333333333334,0.09283333333333334,F,Phe,Urea , Gluc
Urea + Gly,F+Phe,Ec,0.33866666666666667,0.33866666666666667,F,Phe,Urea , Gly
Urea + NoC,F+Phe,Ec,0.007333333333333333,0.007333333333333333,F,Phe,Urea , NoC
Ala + Fum,R+Arg,Ec,0.359,0.359,R,Arg,Ala , Fum
Ala + Gluc,R+Arg,Ec,0.0655,0.0655,R,Arg,Ala , Gluc
Ala + Gly,R+Arg,Ec,0.14483333333333334,0.14483333333333334,R,Arg,Ala , Gly
Ala + NoC,R+Arg,Ec,0.1555,0.1555,R,Arg,Ala , NoC
AmSu + Fum,R+Arg,Ec,0.361,0.361,R,Arg,AmSu , Fum
AmSu + Gluc,R+Arg,Ec,0.17800000000000002,0.17800000000000002,R,Arg,AmSu , Gluc
AmSu + Gly,R+Arg,Ec,0.21066666666666667,0.21066666666666667,R,Arg,AmSu , Gly
AmSu + NoC,R+Arg,Ec,0.0105,0.0105,R,Arg,AmSu , NoC
Asn + Fum,R+Arg,Ec,0.33433333333333337,0.33433333333333337,R,Arg,Asn , Fum
Asn + Gluc,R+Arg,Ec,0.5746666666666667,0.5746666666666667,R,Arg,Asn , Gluc
Asn + Gly,R+Arg,Ec,0.6236666666666667,0.6236666666666667,R,Arg,Asn , Gly
Asn + NoC,R+Arg,Ec,0.078,0.078,R,Arg,Asn , NoC
Asp + Fum,R+Arg,Ec,0.31833333333333336,0.31833333333333336,R,Arg,Asp , Fum
Asp + Gluc,R+Arg,Ec,0.49583333333333335,0.49583333333333335,R,Arg,Asp , Gluc
Asp + Gly,R+Arg,Ec,0.7120000000000001,0.7120000000000001,R,Arg,Asp , Gly
Asp + NoC,R+Arg,Ec,0.13333333333333333,0.13333333333333333,R,Arg,Asp , NoC
GNAc + Fum,R+Arg,Ec,0.11850000000000001,0.11850000000000001,R,Arg,GNAc , Fum
GNAc + Gluc,R+Arg,Ec,0.05633333333333334,0.05633333333333334,R,Arg,GNAc , Gluc
GNAc + Gly,R+Arg,Ec,0.09300000000000001,0.09300000000000001,R,Arg,GNAc , Gly
GNAc + NoC,R+Arg,Ec,0.07466666666666667,0.07466666666666667,R,Arg,GNAc , NoC
Glcn + Fum,R+Arg,Ec,0.3961666666666666,0.3961666666666666,R,Arg,Glcn , Fum
Glcn + Gluc,R+Arg,Ec,0.08483333333333333,0.08483333333333333,R,Arg,Glcn , Gluc
Glcn + Gly,R+Arg,Ec,0.2021666666666667,0.2021666666666667,R,Arg,Glcn , Gly
Glcn + NoC,R+Arg,Ec,0.11916666666666666,0.11916666666666666,R,Arg,Glcn , NoC
Gln + Fum,R+Arg,Ec,0.4831666666666667,0.4831666666666667,R,Arg,Gln , Fum
Gln + Gluc,R+Arg,Ec,0.10683333333333334,0.10683333333333334,R,Arg,Gln , Gluc
Gln + Gly,R+Arg,Ec,0.217,0.217,R,Arg,Gln , Gly
Gln + NoC,R+Arg,Ec,0.0695,0.0695,R,Arg,Gln , NoC
Glut + Fum,R+Arg,Ec,0.26016666666666666,0.26016666666666666,R,Arg,Glut , Fum
Glut + Gluc,R+Arg,Ec,0.06949999999999999,0.06949999999999999,R,Arg,Glut , Gluc
Glut + Gly,R+Arg,Ec,0.3781666666666667,0.3781666666666667,R,Arg,Glut , Gly
Glut + NoC,R+Arg,Ec,0.008,0.008,R,Arg,Glut , NoC
NoN + Fum,R+Arg,Ec,0.06725,0.06725,R,Arg,NoN , Fum
NoN + Gluc,R+Arg,Ec,0.08416666666666667,0.08416666666666667,R,Arg,NoN , Gluc
NoN + Gly,R+Arg,Ec,0.08441666666666665,0.08441666666666665,R,Arg,NoN , Gly
NoN + NoC,R+Arg,Ec,0.005416666666666667,0.005416666666666667,R,Arg,NoN , NoC
Pro + Fum,R+Arg,Ec,0.2688333333333333,0.2688333333333333,R,Arg,Pro , Fum
Pro + Gluc,R+Arg,Ec,0.0675,0.0675,R,Arg,Pro , Gluc
Pro + Gly,R+Arg,Ec,0.168,0.168,R,Arg,Pro , Gly
Pro + NoC,R+Arg,Ec,0.06899999999999999,0.06899999999999999,R,Arg,Pro , NoC
Urea + Fum,R+Arg,Ec,0.29883333333333334,0.29883333333333334,R,Arg,Urea , Fum
Urea + Gluc,R+Arg,Ec,0.07666666666666667,0.07666666666666667,R,Arg,Urea , Gluc
Urea + Gly,R+Arg,Ec,0.32766666666666666,0.32766666666666666,R,Arg,Urea , Gly
Urea + NoC,R+Arg,Ec,0.005,0.005,R,Arg,Urea , NoC
Ala + Fum,C+Cys,Ec,0.03266666666666667,0.03266666666666667,C,Cys,Ala , Fum
Ala + Gluc,C+Cys,Ec,0.09166666666666667,0.09166666666666667,C,Cys,Ala , Gluc
Ala + Gly,C+Cys,Ec,0.10233333333333333,0.10233333333333333,C,Cys,Ala , Gly
Ala + NoC,C+Cys,Ec,0.03983333333333333,0.03983333333333333,C,Cys,Ala , NoC
AmSu + Fum,C+Cys,Ec,0.06433333333333334,0.06433333333333334,C,Cys,AmSu , Fum
AmSu + Gluc,C+Cys,Ec,0.14033333333333334,0.14033333333333334,C,Cys,AmSu , Gluc
AmSu + Gly,C+Cys,Ec,0.11066666666666668,0.11066666666666668,C,Cys,AmSu , Gly
AmSu + NoC,C+Cys,Ec,0.005,0.005,C,Cys,AmSu , NoC
Asn + Fum,C+Cys,Ec,0.055,0.055,C,Cys,Asn , Fum
Asn + Gluc,C+Cys,Ec,0.46399999999999997,0.46399999999999997,C,Cys,Asn , Gluc
Asn + Gly,C+Cys,Ec,0.163,0.163,C,Cys,Asn , Gly
Asn + NoC,C+Cys,Ec,0.06516666666666666,0.06516666666666666,C,Cys,Asn , NoC
Asp + Fum,C+Cys,Ec,0.03983333333333333,0.03983333333333333,C,Cys,Asp , Fum
Asp + Gluc,C+Cys,Ec,0.32216666666666666,0.32216666666666666,C,Cys,Asp , Gluc
Asp + Gly,C+Cys,Ec,0.1955,0.1955,C,Cys,Asp , Gly
Asp + NoC,C+Cys,Ec,0.051166666666666666,0.051166666666666666,C,Cys,Asp , NoC
GNAc + Fum,C+Cys,Ec,0.09166666666666667,0.09166666666666667,C,Cys,GNAc , Fum
GNAc + Gluc,C+Cys,Ec,0.10149999999999999,0.10149999999999999,C,Cys,GNAc , Gluc
GNAc + Gly,C+Cys,Ec,0.12566666666666668,0.12566666666666668,C,Cys,GNAc , Gly
GNAc + NoC,C+Cys,Ec,0.10766666666666667,0.10766666666666667,C,Cys,GNAc , NoC
Glcn + Fum,C+Cys,Ec,0.07333333333333333,0.07333333333333333,C,Cys,Glcn , Fum
Glcn + Gluc,C+Cys,Ec,0.12883333333333333,0.12883333333333333,C,Cys,Glcn , Gluc
Glcn + Gly,C+Cys,Ec,0.15266666666666667,0.15266666666666667,C,Cys,Glcn , Gly
Glcn + NoC,C+Cys,Ec,0.15,0.15,C,Cys,Glcn , NoC
Gln + Fum,C+Cys,Ec,0.057333333333333326,0.057333333333333326,C,Cys,Gln , Fum
Gln + Gluc,C+Cys,Ec,0.15283333333333335,0.15283333333333335,C,Cys,Gln , Gluc
Gln + Gly,C+Cys,Ec,0.12533333333333332,0.12533333333333332,C,Cys,Gln , Gly
Gln + NoC,C+Cys,Ec,0.06266666666666666,0.06266666666666666,C,Cys,Gln , NoC
Glut + Fum,C+Cys,Ec,0.057666666666666665,0.057666666666666665,C,Cys,Glut , Fum
Glut + Gluc,C+Cys,Ec,0.128,0.128,C,Cys,Glut , Gluc
Glut + Gly,C+Cys,Ec,0.14983333333333335,0.14983333333333335,C,Cys,Glut , Gly
Glut + NoC,C+Cys,Ec,0.0075,0.0075,C,Cys,Glut , NoC
NoN + Fum,C+Cys,Ec,0.043000000000000003,0.043000000000000003,C,Cys,NoN , Fum
NoN + Gluc,C+Cys,Ec,0.06258333333333334,0.06258333333333334,C,Cys,NoN , Gluc
NoN + Gly,C+Cys,Ec,0.07458333333333333,0.07458333333333333,C,Cys,NoN , Gly
NoN + NoC,C+Cys,Ec,0.005,0.005,C,Cys,NoN , NoC
Pro + Fum,C+Cys,Ec,0.0545,0.0545,C,Cys,Pro , Fum
Pro + Gluc,C+Cys,Ec,0.1225,0.1225,C,Cys,Pro , Gluc
Pro + Gly,C+Cys,Ec,0.11383333333333334,0.11383333333333334,C,Cys,Pro , Gly
Pro + NoC,C+Cys,Ec,0.055333333333333325,0.055333333333333325,C,Cys,Pro , NoC
Urea + Fum,C+Cys,Ec,0.048499999999999995,0.048499999999999995,C,Cys,Urea , Fum
Urea + Gluc,C+Cys,Ec,0.08916666666666667,0.08916666666666667,C,Cys,Urea , Gluc
Urea + Gly,C+Cys,Ec,0.118,0.118,C,Cys,Urea , Gly
Urea + NoC,C+Cys,Ec,0.005333333333333333,0.005333333333333333,C,Cys,Urea , NoC
Ala + Fum,S+Ser,Ec,0.10116666666666667,0.10116666666666667,S,Ser,Ala , Fum
Ala + Gluc,S+Ser,Ec,0.04683333333333334,0.04683333333333334,S,Ser,Ala , Gluc
Ala + Gly,S+Ser,Ec,0.07583333333333334,0.07583333333333334,S,Ser,Ala , Gly
Ala + NoC,S+Ser,Ec,0.07433333333333332,0.07433333333333332,S,Ser,Ala , NoC
AmSu + Fum,S+Ser,Ec,0.071,0.071,S,Ser,AmSu , Fum
AmSu + Gluc,S+Ser,Ec,0.13483333333333333,0.13483333333333333,S,Ser,AmSu , Gluc
AmSu + Gly,S+Ser,Ec,0.14033333333333334,0.14033333333333334,S,Ser,AmSu , Gly
AmSu + NoC,S+Ser,Ec,0.008833333333333334,0.008833333333333334,S,Ser,AmSu , NoC
Asn + Fum,S+Ser,Ec,0.06083333333333333,0.06083333333333333,S,Ser,Asn , Fum
Asn + Gluc,S+Ser,Ec,0.12183333333333334,0.12183333333333334,S,Ser,Asn , Gluc
Asn + Gly,S+Ser,Ec,0.0785,0.0785,S,Ser,Asn , Gly
Asn + NoC,S+Ser,Ec,0.036333333333333336,0.036333333333333336,S,Ser,Asn , NoC
Asp + Fum,S+Ser,Ec,0.05333333333333334,0.05333333333333334,S,Ser,Asp , Fum
Asp + Gluc,S+Ser,Ec,0.09316666666666666,0.09316666666666666,S,Ser,Asp , Gluc
Asp + Gly,S+Ser,Ec,0.08383333333333333,0.08383333333333333,S,Ser,Asp , Gly
Asp + NoC,S+Ser,Ec,0.034999999999999996,0.034999999999999996,S,Ser,Asp , NoC
GNAc + Fum,S+Ser,Ec,0.059,0.059,S,Ser,GNAc , Fum
GNAc + Gluc,S+Ser,Ec,0.053,0.053,S,Ser,GNAc , Gluc
GNAc + Gly,S+Ser,Ec,0.059666666666666666,0.059666666666666666,S,Ser,GNAc , Gly
GNAc + NoC,S+Ser,Ec,0.06016666666666667,0.06016666666666667,S,Ser,GNAc , NoC
Glcn + Fum,S+Ser,Ec,0.05883333333333333,0.05883333333333333,S,Ser,Glcn , Fum
Glcn + Gluc,S+Ser,Ec,0.049666666666666665,0.049666666666666665,S,Ser,Glcn , Gluc
Glcn + Gly,S+Ser,Ec,0.15033333333333335,0.15033333333333335,S,Ser,Glcn , Gly
Glcn + NoC,S+Ser,Ec,0.06899999999999999,0.06899999999999999,S,Ser,Glcn , NoC
Gln + Fum,S+Ser,Ec,0.0595,0.0595,S,Ser,Gln , Fum
Gln + Gluc,S+Ser,Ec,0.07983333333333333,0.07983333333333333,S,Ser,Gln , Gluc
Gln + Gly,S+Ser,Ec,0.17783333333333332,0.17783333333333332,S,Ser,Gln , Gly
Gln + NoC,S+Ser,Ec,0.04933333333333333,0.04933333333333333,S,Ser,Gln , NoC
Glut + Fum,S+Ser,Ec,0.06916666666666667,0.06916666666666667,S,Ser,Glut , Fum
Glut + Gluc,S+Ser,Ec,0.0825,0.0825,S,Ser,Glut , Gluc
Glut + Gly,S+Ser,Ec,0.14383333333333334,0.14383333333333334,S,Ser,Glut , Gly
Glut + NoC,S+Ser,Ec,0.011833333333333333,0.011833333333333333,S,Ser,Glut , NoC
NoN + Fum,S+Ser,Ec,0.048916666666666664,0.048916666666666664,S,Ser,NoN , Fum
NoN + Gluc,S+Ser,Ec,0.07125,0.07125,S,Ser,NoN , Gluc
NoN + Gly,S+Ser,Ec,0.09091666666666666,0.09091666666666666,S,Ser,NoN , Gly
NoN + NoC,S+Ser,Ec,0.005416666666666667,0.005416666666666667,S,Ser,NoN , NoC
Pro + Fum,S+Ser,Ec,0.0385,0.0385,S,Ser,Pro , Fum
Pro + Gluc,S+Ser,Ec,0.058499999999999996,0.058499999999999996,S,Ser,Pro , Gluc
Pro + Gly,S+Ser,Ec,0.2105,0.2105,S,Ser,Pro , Gly
Pro + NoC,S+Ser,Ec,0.041666666666666664,0.041666666666666664,S,Ser,Pro , NoC
Urea + Fum,S+Ser,Ec,0.0415,0.0415,S,Ser,Urea , Fum
Urea + Gluc,S+Ser,Ec,0.074,0.074,S,Ser,Urea , Gluc
Urea + Gly,S+Ser,Ec,0.1645,0.1645,S,Ser,Urea , Gly
Urea + NoC,S+Ser,Ec,0.005,0.005,S,Ser,Urea , NoC
Ala + Fum,L+Leu,Ec,0.28583333333333333,0.28583333333333333,L,Leu,Ala , Fum
Ala + Gluc,L+Leu,Ec,0.04533333333333334,0.04533333333333334,L,Leu,Ala , Gluc
Ala + Gly,L+Leu,Ec,0.12483333333333334,0.12483333333333334,L,Leu,Ala , Gly
Ala + NoC,L+Leu,Ec,0.10266666666666667,0.10266666666666667,L,Leu,Ala , NoC
AmSu + Fum,L+Leu,Ec,0.2255,0.2255,L,Leu,AmSu , Fum
AmSu + Gluc,L+Leu,Ec,0.11016666666666668,0.11016666666666668,L,Leu,AmSu , Gluc
AmSu + Gly,L+Leu,Ec,0.164,0.164,L,Leu,AmSu , Gly
AmSu + NoC,L+Leu,Ec,0.005,0.005,L,Leu,AmSu , NoC
Asn + Fum,L+Leu,Ec,0.2733333333333333,0.2733333333333333,L,Leu,Asn , Fum
Asn + Gluc,L+Leu,Ec,0.3625,0.3625,L,Leu,Asn , Gluc
Asn + Gly,L+Leu,Ec,0.35683333333333334,0.35683333333333334,L,Leu,Asn , Gly
Asn + NoC,L+Leu,Ec,0.10666666666666667,0.10666666666666667,L,Leu,Asn , NoC
Asp + Fum,L+Leu,Ec,0.2828333333333333,0.2828333333333333,L,Leu,Asp , Fum
Asp + Gluc,L+Leu,Ec,0.2555,0.2555,L,Leu,Asp , Gluc
Asp + Gly,L+Leu,Ec,0.3591666666666667,0.3591666666666667,L,Leu,Asp , Gly
Asp + NoC,L+Leu,Ec,0.15366666666666667,0.15366666666666667,L,Leu,Asp , NoC
GNAc + Fum,L+Leu,Ec,0.11016666666666668,0.11016666666666668,L,Leu,GNAc , Fum
GNAc + Gluc,L+Leu,Ec,0.059166666666666666,0.059166666666666666,L,Leu,GNAc , Gluc
GNAc + Gly,L+Leu,Ec,0.062,0.062,L,Leu,GNAc , Gly
GNAc + NoC,L+Leu,Ec,0.082,0.082,L,Leu,GNAc , NoC
Glcn + Fum,L+Leu,Ec,0.239,0.239,L,Leu,Glcn , Fum
Glcn + Gluc,L+Leu,Ec,0.08,0.08,L,Leu,Glcn , Gluc
Glcn + Gly,L+Leu,Ec,0.113,0.113,L,Leu,Glcn , Gly
Glcn + NoC,L+Leu,Ec,0.122,0.122,L,Leu,Glcn , NoC
Gln + Fum,L+Leu,Ec,0.29683333333333334,0.29683333333333334,L,Leu,Gln , Fum
Gln + Gluc,L+Leu,Ec,0.08966666666666667,0.08966666666666667,L,Leu,Gln , Gluc
Gln + Gly,L+Leu,Ec,0.20350000000000001,0.20350000000000001,L,Leu,Gln , Gly
Gln + NoC,L+Leu,Ec,0.0685,0.0685,L,Leu,Gln , NoC
Glut + Fum,L+Leu,Ec,0.19816666666666669,0.19816666666666669,L,Leu,Glut , Fum
Glut + Gluc,L+Leu,Ec,0.08616666666666667,0.08616666666666667,L,Leu,Glut , Gluc
Glut + Gly,L+Leu,Ec,0.1625,0.1625,L,Leu,Glut , Gly
Glut + NoC,L+Leu,Ec,0.007833333333333333,0.007833333333333333,L,Leu,Glut , NoC
NoN + Fum,L+Leu,Ec,0.04624999999999999,0.04624999999999999,L,Leu,NoN , Fum
NoN + Gluc,L+Leu,Ec,0.06308333333333334,0.06308333333333334,L,Leu,NoN , Gluc
NoN + Gly,L+Leu,Ec,0.044500000000000005,0.044500000000000005,L,Leu,NoN , Gly
NoN + NoC,L+Leu,Ec,0.005916666666666667,0.005916666666666667,L,Leu,NoN , NoC
Pro + Fum,L+Leu,Ec,0.215,0.215,L,Leu,Pro , Fum
Pro + Gluc,L+Leu,Ec,0.0845,0.0845,L,Leu,Pro , Gluc
Pro + Gly,L+Leu,Ec,0.09883333333333333,0.09883333333333333,L,Leu,Pro , Gly
Pro + NoC,L+Leu,Ec,0.09449999999999999,0.09449999999999999,L,Leu,Pro , NoC
Urea + Fum,L+Leu,Ec,0.2796666666666667,0.2796666666666667,L,Leu,Urea , Fum
Urea + Gluc,L+Leu,Ec,0.08816666666666667,0.08816666666666667,L,Leu,Urea , Gluc
Urea + Gly,L+Leu,Ec,0.18666666666666668,0.18666666666666668,L,Leu,Urea , Gly
Urea + NoC,L+Leu,Ec,0.005333333333333333,0.005333333333333333,L,Leu,Urea , NoC
