B-numbers,gene,Galactose,L-alanine,D-alanine,Mannose,Glucosamine,Thymidine,Adenosine,Saccharate,Acetate,α-ketoglutarate,Malate,Succinate,Fumarate,Ribose,Fucose,Glycerol,Lactate,Oxaloacetate,Pyruvate,Galacturonate,Maltose,Fructose,Trehalose,Mannitol,Sorbitol,Glucuronate,Gluconate,Xylose,Glucose,N-acetyl Glucosamine,n_grows_01,rank_01,n_grows_05,rank_05,n_grows_1,rank_1
b0688,pgm,0.37374145934484115,0.12785614298037046,0.11065115954225821,0.8825390519113985,0.6248498980614912,0.37642374406054163,0.8702049351104651,0.49312695235425735,0.4617479816589273,0.073902076180207,0.5687175755135121,0.4155921780347058,0.564806981885824,0.4868447223616383,0.527638171690407,0.4636542753368205,0.9464413464531916,0.5843942064452532,0.658927097026998,0.49730419985558777,0.7287731665856484,0.7200987341349777,0.44709832161834034,0.8991705560121227,0.48968337189244077,0.4161637522398328,0.5540370534988297,0.5573956908803273,0.3770012898262086,0.643848906371186,96.66666666666667,1.0,50.0,2.0,0.0,2.0
b1136,icd,0.0,0.005510477887928852,0.0,0.0034608769540414933,0.0,0.035782630025026935,0.004473304802997175,0.007514206074833653,0.007479744293594294,0.8818185779599697,0.013177612447355769,0.01524284116376902,0.0022128027247526956,0.254515680601774,0.055219615891975125,0.0021294578276301185,0.018939527708623234,0.004810887224303211,0.0996221669640345,0.023147782952677515,0.0028506117109919553,0.0008706463822273918,0.037658206224272135,0.015401563216247032,0.020716378560044806,0.004464843617442267,9.582771138023222e-05,0.0017837934313785124,0.005013220419124818,0.00399206854053232,6.666666666666667,22.0,3.3333333333333335,4.0,0.0,3.0
b2023,hisH,0.0024371035822257814,0.20366438213105545,0.016121316136089123,0.8321569195040328,0.0018216762169994156,0.09438088674685445,0.2611738912625838,0.09183336420892138,0.05693775396847594,0.8584458354532629,0.005091184509272802,0.020843679049002122,0.04260436102191918,0.3003322351024498,0.06993161845800594,0.0020828017064315847,0.015050964074957478,0.248470631583793,0.14266550816590645,0.021926045666012323,0.011788603647982907,0.002734384863307942,0.0524298333920907,0.024841329526692203,0.00813067779582715,0.00031006480479937057,0.008354590043250194,0.005127289701518972,0.005272171427510536,0.05127234116613402,23.333333333333332,10.0,6.666666666666667,3.0,0.0,4.0
b0720,gltA,0.07581395229868075,0.09570146436994358,0.03902597018088462,0.0040080403986556025,0.003794691283008437,0.058979750028720426,0.018681395097951886,0.015607860502808268,0.005901476034013693,0.16064632225014458,0.03656113396575329,0.05631637515524459,0.040293940160187294,0.2814999857587201,0.0999252839243578,0.028664022045214635,0.05373022690905574,0.048369998322048836,0.2211460317024649,0.00984242840335819,0.022081674032536133,0.009833092288039136,0.03507141207481219,0.03978017327855833,0.014411762617729609,0.00945756516975481,0.009497957227864678,0.01739013334324178,0.020127215506987168,0.013962459535202422,10.0,13.0,0.0,8.0,0.0,5.0
b3958,argC,0.003496421609167758,0.02324555714349077,0.014485587815427421,0.0012636100511722456,0.002775545742386383,0.0036025073651614944,0.0068045385844979055,0.011539786929412321,0.003658354923721688,0.008198773756658366,0.008684029326683863,0.005257322783506089,0.00517918629275111,0.2907043090651926,0.08172030555740632,0.0,0.01764001453954077,0.014409487772215793,0.1770386565458051,0.014682149153321718,0.0015858868403018376,0.0,0.01300329397919335,0.02166910051362687,0.01592174795283445,0.0103627973448187,0.003688403980424003,0.007260023307966267,0.003214757878244094,0.0,6.666666666666667,23.0,0.0,9.0,0.0,6.0
b3172,argG,0.00360896070154436,0.0003193047104642116,0.003927790531327933,0.002241440011415324,0.001796765816639567,0.02322522884779404,0.002170156026801569,0.00991354001361322,0.006216234036598794,0.0025552223434277513,0.00012952230473152335,0.009280208369270097,0.004960677876208057,0.36033612381438307,0.08632233839328692,0.0012955589924756642,0.009615028171155157,0.004209517284021383,0.18112949096716532,0.01251820307902777,0.006375599287887993,0.0076034063741802745,0.027370327139343818,0.010868617548623078,0.0,0.0,0.0032448006361537923,0.017782357590305112,0.0,0.013966527129448654,6.666666666666667,24.0,0.0,10.0,0.0,7.0
b3960,argH,0.030144283061413164,0.021544405950286925,0.02549171458397491,0.004803349558056613,0.02781675327754283,0.019254531490730968,0.03794293616518777,0.017529341432807075,0.02557458357339181,0.011599327154102964,0.027160705554648598,0.0,0.058842508114940316,0.3618934756612898,0.00829958093409432,0.005592498119121934,0.030841189836670977,0.0,0.002061825882366898,0.037044434116775604,0.009843757554964595,0.07454922545577658,0.007420148381400202,0.0031106445687131535,0.005313022664760861,0.00495439128339514,0.16199091322061604,0.006478145072139925,0.0,0.15913369974608568,10.0,14.0,0.0,11.0,0.0,8.0
b4013,metA,0.03862650585204214,0.015162121409178513,0.02085330865108395,0.0003185125168900333,0.014106602426658418,0.05743756572974019,0.047534483764365025,0.020541562323094734,0.03258396865972997,0.009201307337801497,0.035847436495223844,0.00025525808929786117,0.0430477437278097,0.30992865756174154,0.009366633699270372,0.0,0.0315522337202537,0.002473075342719532,0.004075626461982921,0.05713952254138076,0.008427694120626324,0.08478377265021005,0.00934978576877095,0.007873247334175952,0.0,0.0013571431129812917,0.15623639243609966,0.015257349836468332,0.00689156990466288,0.16604574550149995,10.0,15.0,0.0,12.0,0.0,9.0
b3829,metE,0.04651420991261979,0.005118405622844363,0.06421254664514343,0.012163870969630876,0.018698458727774387,0.04334771469590908,0.03748195601234915,0.02740650063898255,0.011812078047900595,0.017754826965884377,0.05792363621486214,0.0004057208630145144,0.08264777108283843,0.18535996297257365,0.002742216341129397,0.0039050699773458507,0.0683557086128678,0.020396729870971644,0.016148477056693936,0.0430894446502687,0.00992808853516217,0.08490388435915176,0.019124589463427797,0.006349907431764933,0.003608312346725021,0.0,0.13815536110079576,0.02650175720917013,0.0067240735477510525,0.14335122851306234,10.0,16.0,0.0,13.0,0.0,10.0
b3770,ilvE,0.025788092006457125,0.01071839084871752,0.01569381741520762,0.005117945584709887,0.015866407424852902,0.053985042551751926,0.050022391990529,0.01383948571570491,0.01185078620401848,0.03271031145857145,0.021780445849173647,0.0017754303575577045,0.039609746432238496,0.24839927042648632,0.004795700767330828,0.0036155757323098397,0.03360692071672025,0.0,0.005327483634180263,0.014172372510390248,0.002695573794214488,0.06438013236831089,0.004021453639638886,0.0,0.0035287667387826067,0.00021165762437347485,0.13577139868827995,0.007545530586956021,0.0024274411061371644,0.12923231091824675,10.0,17.0,0.0,14.0,0.0,11.0
b3281,aroE,0.005642672065716675,0.042693867314267366,0.020512113653115827,0.015722512976687898,0.008192323006264352,0.10565076483295087,0.029392967740456587,0.013817235381759978,0.009469652729884582,0.0015264406416588467,0.026229804013502816,0.00429337222807321,0.016231208745295187,0.1960028386799595,0.006514052911311558,0.0028020643083362206,0.02471325801596244,0.0,0.00147876998382987,0.015425570716131067,0.0008881873083045022,0.04194781981175375,0.0019425954708745335,0.0014132571637856522,0.009339836456101615,0.004618473445297123,0.055685815539404375,0.021587786010382998,0.001119265674748843,0.06702990133517026,6.666666666666667,25.0,0.0,15.0,0.0,12.0
b2913,serA,0.02428902471607927,0.005911792114441573,0.019380477743150548,0.005425440949622698,0.022245819093501113,0.1680145451245558,0.011912845681591977,0.007224735729165508,0.016184353583846466,0.0028459665941847736,0.013975053829545756,0.0,0.03656409255434801,0.16795112443080937,0.0037341431427083947,0.01647494861804522,0.04596899666128097,0.0,0.0028583701504703418,0.0112319922390053,0.006062364077514455,0.05447081371581859,0.009959047602333453,0.002162902272554144,0.001102312736448709,0.0007366489273615009,0.08565641833231194,0.0,0.0036752197510464893,0.09315366982903,6.666666666666667,26.0,0.0,16.0,0.0,13.0
b2551,glyA,0.03094975357899971,0.0,0.03521038221558617,0.01657842819053699,0.036925834595703214,0.201603645464509,0.07322190649491173,0.023905680373922173,0.04124141003246033,0.02363541048380846,0.026031212881500853,0.016740931303519703,0.04964278396210589,0.1766930704553271,0.014537876547654859,0.015907775572152554,0.03427743889402172,0.0,0.011792387611949848,0.024428333400411176,0.013886009679728901,0.06992241715048943,0.025520805603660206,0.019873339730023094,0.016083134937608885,0.012462933840139252,0.10938657708956746,0.0,0.016999280727290487,0.10648618745077529,13.333333333333334,12.0,0.0,17.0,0.0,14.0
b2599,pheA,0.0291455649721096,0.0,0.04823701187810132,0.004778297678714263,0.0,0.14336912954233058,0.043091706710686274,0.01927530021621128,0.02397248852880761,0.011089794894666116,0.04052860252866735,0.008906020079567888,0.027893061608679052,0.15226847725573767,0.003014713284771548,0.12279464821169885,0.05620433077539422,0.29171607956056633,0.0021949214501697095,0.02211595046961973,0.022577105763720556,0.08826395796235174,0.00022691646510430134,0.008464114272306788,0.005424684573376768,0.002341066324340582,0.15224793589051497,0.012413774299757563,0.004263671475577862,0.10633973599920848,20.0,11.0,0.0,18.0,0.0,15.0
b0242,proB,0.02273791647825015,0.02350333120872007,0.034159447304719134,0.021915240463150177,0.05429921507819,0.3379217868955502,0.004454647764467455,0.0120580160264481,0.020036897945987387,0.017478822653358185,0.0525979772051215,0.01566337313432922,0.014972133204672597,0.01422960324309558,0.013952297735135824,0.04374802723505023,0.031582409390175176,0.07503603253280818,0.03112616296103272,0.0031180916098452645,0.007918067086997495,0.055659192812109154,0.00775338052343725,0.03504399189938421,0.0,0.010671814016366646,0.011176598607561797,0.019436652097846892,0.0,0.020926403148990014,3.3333333333333335,30.0,0.0,19.0,0.0,16.0
b0003,thrB,0.0,0.0057571618622268535,0.029370819758135484,0.002091516950507387,0.013145819027377654,0.2976031483420502,0.0029761835956464812,0.008805904257769441,0.02263047757391788,0.002240915600249742,0.0002817314815931247,0.0,0.02216091371860445,0.0,0.0037952126597839606,0.0026090904031813122,0.003007531922551463,0.0034041133246214914,0.001545598379214426,0.0024374536024662657,0.012900848507789848,0.06899678220358121,0.0,0.0021950362939775247,0.0,0.0,0.012408190452401836,0.008977717709672891,0.001219585765079048,0.019454962963011066,3.3333333333333335,31.0,0.0,20.0,0.0,17.0
b0074,leuA,0.049704005592130646,0.023046079618544008,0.051930465173529235,0.005812829838171612,0.05034347991682329,0.23655705273015143,0.01426097033100811,0.012241972638452774,0.05133152615885833,0.006298981595475616,0.0,0.004336341107290933,0.02119131407441372,0.001598078306613035,0.0,0.01197899234852028,0.046730541449070226,0.006210705867714842,0.004262875170695501,0.0025479400788380774,0.01330466746716427,0.09605050779433694,0.005983688592294922,0.016955992117163813,0.006833859990507779,0.005756868898356775,0.03326766986814356,0.007967899940593439,0.009399351968865021,0.014074161119468732,3.3333333333333335,32.0,0.0,21.0,0.0,18.0
b0071,leuD,3.1978306376423144e-05,0.02518277014147111,0.03805819521565476,0.016142838678756464,0.04106152782640306,0.21847185011505088,0.0,0.0022017974688130423,0.0315180190254598,0.016237204768911613,0.00650400752761733,0.0087042026049765,0.007384822344697044,0.0092723413926132,0.007811298792670051,0.013053509373026271,0.01901371487229095,0.012765705811257643,0.0007972433578350839,0.003321708624299682,0.0007544249510569811,0.05658099551648892,0.0,0.02087120533863386,0.012107777926431286,0.007767154177950029,0.014221882450361512,0.010053903795999174,0.0,0.0,3.3333333333333335,33.0,0.0,22.0,0.0,19.0
b0386,proC,0.028839684885063877,0.01405075908920493,0.007611602177665425,0.003229213807439206,0.04342357068666619,0.20177767858507997,0.002286386958867138,0.018230780705730865,0.03472717959897367,0.0011550873099848036,0.002282910267240435,0.01656594127723368,0.006475288357806771,0.01053092285734524,0.008656359570205,0.009340949303273116,0.01402380908529862,0.01985856879183585,0.009611128761385299,0.0,0.019770654152179743,0.07332587533461139,0.005583353615917202,0.015542780034005511,0.012777011716006495,0.014699596577901586,0.02744990403071408,0.005119470551750143,0.0026725354321235177,0.026738528468205635,3.3333333333333335,34.0,0.0,23.0,0.0,20.0
b2022,hisB,0.024187165012139956,0.034084745976649566,0.032809800636217766,0.0,0.015751682161973802,0.014162950833036566,0.023769118837934047,0.0071643763529517695,0.010218636391572757,0.011652224515146662,0.01683779129144428,0.005613992067253811,0.044588587924538084,0.0032546129455798788,7.794618181065383e-05,0.008229776024471515,0.03127257477112972,0.0,0.0,0.032230885236255245,0.0025377810319450046,0.06135386363663348,0.0048150804110047764,0.0,0.0032750377037392376,0.0,0.1515083526619258,0.13902890362539197,0.00018199476996148996,0.15270912341907136,10.0,18.0,0.0,24.0,0.0,21.0
b3957,argE,0.034690515196276875,0.022614064396381917,0.02775370456904153,0.002599158102586539,0.012844164398731725,0.03764526118279891,0.019704932767909866,0.0239881837686939,0.03932638989809073,0.01996208110847663,0.019648986447793105,0.0051100490841886875,0.08878050473731423,0.006068031028668059,0.009773274976026846,0.008476622023220297,0.018583602962248234,0.0,0.00010873506664905885,0.033528405102753144,0.0,0.11105880353507573,0.00908125912331633,0.001381024169839543,0.004207029734539709,0.0,0.15706786327936723,0.016081261568069084,0.004759788534760444,0.15678209984890662,10.0,19.0,0.0,25.0,0.0,22.0
b3774,ilvC,0.11498878562649655,0.14559809679439178,0.023318941876795382,0.006820338150524489,0.001476620704348819,0.024933673481989424,0.06180951338755987,0.01951040159547424,0.03288598840882153,0.06518562918719249,0.007017498267373818,0.0007419784054492934,0.015423435585086416,0.007716593038089863,0.0,0.015976637662294645,0.02154957930226787,0.039740185760386335,0.016754383276171726,0.023015462655040134,0.0021339386637192494,0.0034525618488434077,0.023056157241348397,0.013596997302046636,0.010526191842633611,6.6125250094354e-05,0.06458455515284137,0.0194940560887469,0.003712711754637268,0.05626507349461645,6.666666666666667,27.0,0.0,26.0,0.0,23.0
b3959,argB,0.12354022760561825,0.17517730109674443,0.0,0.004032457237143361,0.0015746892268775788,0.0,0.14888834462688988,0.0,0.036469162432681716,0.024571626231300936,0.009678558807152385,0.004045786904852998,0.03528216858530927,0.0019096012584978218,0.012414186506917727,0.015990847179693686,0.017297540858309236,0.04386488314577513,0.0,0.03534392491943977,0.0038231408979902564,0.022031099533198897,0.022072214804105515,0.0029815574371725878,0.0062269290660744965,0.0,0.06708874716153385,0.030440313419405375,0.005464084714769521,0.056083289782713604,10.0,20.0,0.0,27.0,0.0,24.0
b2019,hisG,0.016327178495698872,0.05456559519897199,0.04221655099688511,0.006144270856440568,0.0,0.20172473810027172,0.1713762887112666,0.002338456088864368,0.020125099307100058,0.0,0.02499500470658507,0.0,0.034483429723771,0.049474076658314825,0.00323123849329845,0.0006081521060853872,0.018300907084536473,0.008734839072030964,0.010705658963504842,0.006733860863090203,0.007303740619189807,0.04824425641125234,0.006383817882488438,0.14926465806546682,0.020887204245242586,0.0067563683140571635,0.039784099369937265,0.0059440483518749644,0.002573294024553611,0.044988152286513365,10.0,21.0,0.0,28.0,0.0,25.0
b2838,lysA,0.02695567151207437,0.036397862569921946,0.02783310083626562,0.002755962598309676,0.0,0.04053087901980352,0.022294432810582493,0.014766994261974512,0.031108930346249314,0.019864023671034663,0.04962203328283267,0.006827630930055247,0.07834551038787406,0.05946539702660881,0.003135527944596407,0.006598467598670625,0.03313261998865383,0.012871050653869433,0.012851323504318186,0.0259823949333055,0.02143160384463482,0.0670854370562667,0.007357371091556125,0.23841543742556215,0.0005089427768689208,0.007370640697660935,0.10533097113808115,0.0,0.003623862581616774,0.08686796796598811,6.666666666666667,28.0,0.0,29.0,0.0,26.0
b2329,aroC,0.06359043057054242,0.007719474852737674,0.006040981918392073,0.008415937356982267,0.024045099248951363,0.10954710078696658,0.007822225610460063,0.010921145944413499,0.005456990730182662,0.0002726762491429386,0.018038266646702533,0.008646588384058521,0.0,0.0530068114600697,0.0037902794613972625,0.0,0.0215215393975985,0.009133670567197591,0.011022072823810925,0.0,0.019528277808428803,0.0540961011087009,0.0,0.017221812724636285,0.007135560039211719,0.01243804838428853,0.033090907497853726,0.0,0.0,0.05069638562749026,3.3333333333333335,35.0,0.0,30.0,0.0,27.0
b2600,tyrA,0.010594897045597376,0.007057585456797435,0.025294542259180944,0.010899066594999242,0.004050594673421809,0.10373162557665805,0.03328763698071838,0.010533432225465494,0.007371788880938297,0.0,0.030267057455508846,0.009625673254533207,0.0170345530790488,0.11044496103677612,0.00936922230086258,0.0040270400666488635,0.030871428723970883,0.0028200663079081412,0.005112196390747823,0.00487220802111756,0.0,0.057749424427072656,0.0010117207349849013,0.014466165102966382,0.006321226608145713,0.0038229948057042283,0.06510428443361478,0.0,0.004622923211950404,0.0732424167383181,6.666666666666667,29.0,0.0,31.0,0.0,28.0
b3389,aroB,0.005655562709140967,0.0,0.028363206765628063,0.000748868813889506,0.02074723602219836,0.0,0.027185873042716455,0.008526684680463081,0.008686905506781164,0.0029034114429003447,0.027305116122931742,0.0007300924552079276,0.01794092624233344,0.025482068898584353,0.0033870532226158243,0.006993849658571501,0.02058116068774783,0.0026058048145079574,0.00452982326959524,0.006362774617153957,0.010842233172099792,0.044950119736690594,0.0,0.008676983630890311,0.015474757053786169,0.005905770464144643,0.06970947823647942,0.005683235089822483,0.00043941066014666395,0.07382779771857627,0.0,42.0,0.0,32.0,0.0,29.0
b2818,argA,0.027582126953918377,0.048698436559541494,0.032091300401169934,0.007624340085719204,0.00839097016346697,0.09217765898596351,0.03635052473560217,0.019159561204695048,0.020390646773174082,0.032641640507766544,0.02359094810731509,0.004239082067715563,0.06340303096068084,0.04694943733486198,0.008449137858610638,0.00820585950264429,0.038461600065715605,0.006792305301631521,0.010309572858221304,0.023267315756027987,0.0,0.07376037186887315,0.0001250033550682008,0.007848637339779242,0.017908828110738486,0.009803115226528459,0.09074664180263463,0.022772183435006317,0.0,0.08400435481797813,0.0,43.0,0.0,33.0,0.0,30.0
b2025,hisF,0.03835209559150914,0.009367285477698993,0.02844276755160874,0.0,0.006841489212678373,0.1067250954188438,0.020842685175232405,0.00978056675027611,0.012579359179090581,0.023798943779349727,0.024194665910730058,0.012666866165032249,0.05569692398918469,0.0023336777998031744,0.0,0.0013449591236614092,0.017747693871549914,0.0,0.009304673129069735,0.004264797371005251,0.0,0.07410933239398305,0.0005894267233925109,0.022124699010445108,0.012027789144038684,0.0,0.04889071178508984,0.0001547936880459019,0.0,0.04990585746839203,3.3333333333333335,36.0,0.0,34.0,0.0,31.0
b2026,hisI,0.04517623008403283,0.024744287666212852,0.028057903568895624,0.0021227558331608186,0.0013778458974118817,0.08377839047228422,0.03451559892141635,0.020913179680209497,0.023287788657843395,0.004534257122942858,0.027101352786683353,0.003997597184828368,0.0504673012528397,0.009511084371689982,0.004049037319290816,0.008706111150232967,0.03399055877988175,0.007639672770078638,0.012685551411810573,0.027292525667888014,0.016646486815119536,0.09156724572869258,0.00843757621742755,0.0026099470843000887,0.004829891645532209,0.0,0.09273338790035732,0.0100020048984545,0.011098338633646041,0.05580864417785733,0.0,44.0,0.0,35.0,0.0,32.0
b1260,trpA,0.0034434714931473463,0.013115195801208748,0.025199690003707587,0.0032883368301660078,0.016097126261716378,0.12674815856139968,0.027996915507807953,0.013021735579744583,0.029700136757629777,0.0,0.02133340273052505,0.000456434839036844,0.045848104785276844,0.0,0.0,0.0025482980026528463,0.025607844906340375,0.009435784997850385,0.00771571538252451,0.010374893431168245,0.013996497738239968,0.0671179048512207,0.002478961077062948,0.0,0.010331761343433667,0.0028657370896740045,0.027860750911572075,0.0,0.00389688950887823,0.017156366861128428,3.3333333333333335,37.0,0.0,36.0,0.0,33.0
b0908,aroA,0.012544889720987782,0.0,0.0400602977120401,0.0008700198561387289,0.029787960856021076,0.1631910172513778,0.01966191225022844,0.0,0.02634706238014826,0.012370093385524824,0.008251939545298865,0.012084464364082045,0.01676442381913209,0.005527423057967831,0.0030284690032230826,0.005130698315338115,0.017743525746662384,0.0,0.0005156605229538218,0.005963052805860605,0.0,0.06312829760408241,0.0023502526612479446,0.02324218531879306,0.012483834819326193,0.0015214924786718308,0.030632104172984412,0.0050459510648374,0.000767201422707615,0.028234968297806026,3.3333333333333335,38.0,0.0,37.0,0.0,34.0
b0072,leuC,0.0017499419617844915,0.01989781152371602,0.0032337437313822376,0.00802285425697249,0.04810287810818036,0.2117606862025561,0.007261794865042423,0.001956787625256406,0.0013039526379580132,0.013644225824131875,0.010352518431173161,0.005203399692272105,0.0,0.0073639394710836754,0.0020413991457859464,0.010195750596394436,0.0049328755738543145,0.007258443963214969,0.002328319273130763,0.0010741857337347976,0.004546778768348956,0.007646890719499588,0.0,0.0128268434215614,0.0,0.0017821523581202255,0.0,6.731067780893384e-05,0.004296993346439051,0.0034504973565580785,3.3333333333333335,39.0,0.0,38.0,0.0,35.0
b2021,hisC,0.0031959535003783343,0.01926004445713483,0.0,0.012830443193467394,0.00033543711556748083,0.14532292325770257,0.05235989675734641,0.014328561273953029,0.01799441860378699,0.0,0.03125173613376133,0.013571011058273776,0.023482206032363513,0.024069633085172907,0.0009414418840411409,0.005021176741528427,0.01016833978792337,0.001960256580538405,0.008274544960322507,0.004040455278110019,0.0017430588332467618,0.030122498028032272,0.0,0.004638114055088591,0.00437531367621265,0.0016457001611283654,0.03464986725488912,0.005652434199022253,0.0,0.03685390839151383,3.3333333333333335,40.0,0.0,39.0,0.0,36.0
b1693,aroD,0.010755293045835414,0.009971908149972326,0.011964312923966564,0.00557918383635384,0.0,0.19336494633787882,0.04280029935813054,0.011924192355719645,0.019762910123150505,0.023569772104021742,0.024939719163872484,0.01381922242494643,0.028293278915145607,0.023854001861424685,0.014304895271348044,0.009622735442243489,0.01170077439488885,0.0030614958363987706,0.0030558763351288027,0.007360002900199124,0.010222421231900843,0.05003547570786813,0.0,0.012242344921353357,0.0049150956947456225,0.0,0.009463195617798445,0.010060813843066951,0.0007714418533651203,0.036967325782459565,3.3333333333333335,41.0,0.0,40.0,0.0,37.0
b2020,hisD,0.14226134338785848,0.107430567354292,0.009839863531792345,0.17395948782368933,0.0006577661845654579,0.18208105549423223,0.25840194296926494,0.01491215697230576,0.254222991047793,0.0822031194315178,0.010497303625243887,0.10815931793659676,0.27198119000347126,0.04587794234474071,0.007606674518810554,0.0031526213883439273,0.5744715750757626,0.0038057777858357907,0.2311504380182118,0.003302668189850424,0.011970597827334983,0.06387825830716039,0.0,0.26157537505476547,0.0,0.0020185489866165213,0.043276704208337756,0.0,0.0,0.05461244108266812,36.666666666666664,9.0,3.3333333333333335,5.0,0.0,38.0
b3772,ilvA,0.19662084180842837,0.06583732381312353,0.03783254425021895,0.2901141917151336,0.026957929727151563,0.06953119021884664,0.12677042427434487,0.018522285944797615,0.15195926679486713,0.245088884434218,0.040194227361375665,0.18136643377850672,0.17491635719797094,0.23177211724498265,0.028279002881210505,0.010177697101080354,0.16149237457716775,0.020829031703611157,0.13305489896452055,0.03670501378461799,0.04308829146872395,0.06751685015193785,0.0047364222770115505,0.052352045480628634,0.010526256437418387,0.046600675167958974,0.14113009416631941,0.016772764826258474,0.0014253305594071107,0.13612811468872255,40.0,8.0,0.0,41.0,0.0,39.0
b3008,metC,0.14207529722089765,0.28104120628956447,0.18196137114994687,0.0628320534601878,0.14859875944201406,0.13609290225557089,0.16026350111635926,0.0823066018725256,0.1452513997740282,0.06007814587200038,0.08366942821503286,0.08665764943553646,0.10417494843756596,0.30219277038706915,0.06792996339436781,0.06824862399750704,0.13672055729584728,0.061354186684514235,0.13224643043752743,0.03780799558398129,0.062095245557779656,0.09598187092596863,0.06819860251601303,0.01831578418025129,0.05038395738187625,0.030083109992151493,0.17366983846711703,0.060003608747745976,0.0015281941877980953,0.18378596756609797,43.333333333333336,7.0,0.0,42.0,0.0,40.0
b0004,thrC,0.14014717612007746,0.02764618376903872,0.060970493457702855,0.06416171142384837,0.28655580395084906,0.006996456152000791,0.020705378459976633,0.05417406572711951,0.008193782905072458,0.053901659408993864,0.1369695170626643,0.07121260532717712,0.03115568660983389,0.22527781130246086,0.25629890524555043,0.20194894714638228,0.11320837318235245,0.11405018286564007,0.02762780004057488,0.07076413833085997,0.09779339968212106,0.16687275431762102,0.5771985109114937,0.3708446680784871,0.3643867336445683,0.3322518909098078,0.23668578243802926,0.20189404212607015,0.2651161819799695,0.27169879864195473,56.666666666666664,6.0,3.3333333333333335,6.0,0.0,41.0
b0907,serC,0.12281090677434305,0.023680821739455706,0.28536021650874543,0.09712657444694593,0.1868149738636975,0.23828169763482648,0.11462321067391755,0.06789990946876365,0.10051815081354092,0.13827507268856346,0.1819594955502065,0.10817638300276944,0.12380757389866091,0.10803820658231739,0.28632186056765657,0.1456404818160824,0.3178881764266564,0.269810814535922,0.08137866898411929,0.07865914117291911,0.21163558716266984,0.10717094363055454,0.32024674793193625,0.1833471287640249,0.3039275827017579,0.2637750932497354,0.1298061119806147,0.18056376952570538,0.13374135428152953,0.34828491424486674,83.33333333333334,4.0,0.0,43.0,0.0,42.0
b1264,trpE,0.3751084415400757,0.24760740807667259,0.16255318566166863,0.16565013617120264,0.1750950642738549,0.4601050575415392,0.44839106885380053,0.1065038937036928,0.4227135805868187,0.2770749733070226,0.21375273202377104,0.1912022427904196,0.39423744587965304,0.2586499387569722,0.11129703291898746,0.25775132554304925,0.13719022055584187,0.07724467931796739,0.1497867150432684,0.12586173441440976,0.1179786988863926,0.19434591790235736,0.2391498697133852,0.07259740294414295,0.11167805641831241,0.1411159669209734,0.1419591596734513,0.11180495043391606,0.021896188655449043,0.12150022107408473,90.0,2.0,0.0,44.0,0.0,43.0
b1263,trpD,0.3518519825652538,0.20798279325202448,0.13299911316998383,0.24198087989174696,0.17121779489504002,0.6027647329566153,0.3434071105782817,0.09308953610268797,0.39089267312683695,0.3025013050979324,0.2078993036690576,0.10890928657355207,0.32701763611968543,0.30630699814750517,0.10459201347484634,0.34502726331173283,0.12442426140548174,0.09407088454803804,0.20833104218817344,0.138628914283747,0.12092531714018234,0.15377871086398895,0.28070863370684357,0.10517781229653518,0.08939781209376967,0.155533662378085,0.16061839196117172,0.06096164015269853,0.02439432975826746,0.12191568229118092,83.33333333333334,5.0,3.3333333333333335,7.0,0.0,44.0
b1702,ppsA,0.8301917889777184,0.17820605141919957,0.2818483076860137,0.7900050242417196,0.6719359502097244,0.9547520464441176,0.7584775245378075,0.6845879661061793,0.6373528782236666,0.8042240588563772,0.6924694187562709,0.8005478627992325,0.8431040227912049,0.6466537731069941,0.781897644121023,0.7691437024697085,0.013252291966065548,0.03203995240581717,0.008299682867932881,0.6612412339403029,0.8894296461409867,0.8809725503049277,0.740964287458513,1.00277435361081,0.9349481302968528,0.8486278370125505,0.9408421217619396,0.7295007035467247,0.7801960953624884,0.8033606873128935,90.0,3.0,83.33333333333334,1.0,3.3333333333333335,1.0
