locusId,sysName,gene,desc,"D,L-Lactate (C)",D-Alanine (N),D-Fructose (C),D-Galactose (C),D-Galacturonic Acid (C),D-Galacturonic Acid (C) M9,D-Galacturonic Acid (C) MOPS,D-Gluconic Acid (C),D-Glucosamine Hydrochloride (C),D-Glucose (C),D-Glucose (C) M9,D-Glucose (C) MOPS,D-Glucose-6-Phosphate (C),D-Glucuronic Acid (C),D-Lactate (C),D-Maltose (C),D-Mannitol (C),D-Mannose (C),D-Ribose (C),D-Serine (C),D-Serine (N),D-Sorbitol (C),D-Trehalose (C),D-Xylose (C),Fumarate (C),Gly-DL-Asp (N),Gly-Glu (N),Glycerol (C),Glycine (N),Glycolic Acid (C),L-Alanine (N),L-Arginine (N),L-Asparagine (N),L-Aspartic Acid (N),L-Fucose (C),L-Glutamine (N),L-Malic (C),L-Serine (N),LB,NAG (C),Putrescine (N),Sucrose (C),a-Ketoglutaric (C),acetate (C),casaminos (C),casaminos (N),pyruvate (C),succinate (C)
14147,b0002,thrA,bifunctional aspartokinase I/homeserine dehydrogenase I (NCBI),-3.63233154919293,-4.79898786544138,-4.16709422233229,-4.356776972436745,-4.18480357627913,-4.08811815754903,-4.6647311563584,-3.697068017884165,-4.7909571727999545,-3.574803260002095,-3.42132672392075,-4.618172492510125,-5.23295534215953,-3.68105001774018,-4.814710527679814,-3.8914162539770754,-5.67658088956841,-4.6321589008133195,-3.593792396403825,-2.2036465072856997,-3.14884492269992,-3.9676964503714047,-4.26048042678228,-4.08984286159783,-2.11504941776936,-5.716902685875095,-3.295562718941585,-3.914982302437615,-3.6893937369053953,-2.00163489594069,-3.4594550952070247,-1.113185519662685,-4.9066590332591105,-4.400426026719635,-3.62411463711724,-3.3511561878179448,-4.09653767433044,-4.006976815739165,0.0297683671806274,-4.080351900433155,-4.63088238733987,-4.15392226734111,-4.431928142009886,-3.535212639665925,-0.06662716043348504,-0.04031413698450335,-3.5873009140168604,-3.8530885949679403
14148,b0003,thrB,homoserine kinase (NCBI),-3.676618686401905,-4.14005226131989,-3.515056653019655,-3.736225043357945,-4.358093600387445,-4.12487773727436,-3.45819641796066,-3.31092197072368,-4.20267158059641,-3.25115713855361,-3.52656835393114,-3.695951216988965,-3.916943480840855,-4.158618263853955,-4.391521862401465,-3.68685958028278,-4.62962305209221,-4.43653475459076,-4.391629053560266,-3.2582207333423554,-3.883824647551365,-3.909305926545195,-4.043527115773755,-4.50697430136014,-2.73664149216856,-4.577291462875925,-4.0866635390538395,-3.0853435937454403,-4.020063286906355,-3.62902996190707,-2.9434047831623,-3.2804940991141347,-4.330314120884705,-3.92837288152024,-3.5315395371468297,-3.393593346207595,-4.773640341143976,-4.03171229895105,-0.438689571588999,-3.408314881863505,-4.810222904152781,-3.743759671365575,-5.15327103943422,-3.78527531357255,-0.0317252652973105,-0.1484001162883835,-3.0982073852991903,-4.5787997666313
14149,b0004,thrC,threonine synthase (NCBI),-5.08216459219289,-5.73114079588306,-5.19584109206534,-5.0705672681591505,-6.0025219209942104,-4.67102951591119,-5.133684697756079,-4.82528071273677,-5.808438448857865,-5.221451047621805,-4.16768622581835,-5.763182756623655,-6.152397451726255,-5.436025117399845,-5.583100922096235,-5.11125889409432,-5.905866094840105,-5.871836072966795,-3.92262006432769,-4.30076380755891,-4.775213195188635,-5.50484634155721,-5.55669013076531,-5.01306544915714,-3.12869471341637,-6.08320486839685,-4.300589568767265,-3.224906356612875,-5.574349275926149,-4.48125454912109,-4.708520509991574,-3.8528279885712102,-5.0949509224328295,-5.0793329168387995,-5.33162651381385,-5.860748236523735,-5.388850680084,-4.077855572922495,-0.180853419193989,-5.034649897014354,-4.547022082196455,-5.263369866219655,-5.36608515050901,-4.788762889438646,-0.10219439701566795,-0.1947157858423135,-4.4347460142306705,-5.146130481957995
14217,b0071,leuD,isopropylmalate isomerase small subunit (NCBI),-5.103617983936809,-5.5615672182044396,-5.26942330853586,-5.552081084044225,-5.828188746369349,-4.38842784135302,0.014894075355995599,-5.47958402368128,-5.709990944232315,-5.274420305152665,-4.43678260732196,0.12018772467285649,-5.6870432422109,-6.00420193493493,-5.458047134973835,-5.08403408366246,-5.523362020479855,-5.465670745220725,-5.078417171977614,-3.69489155419936,-5.10200831165161,-5.18799870471835,-5.32586211151434,-5.3782038645262205,-2.30164569480554,-5.0497439719971755,-3.419771089951235,-4.2266188221275645,-3.00526209100788,-3.92775198996096,-4.62578556058229,-1.3621396992656098,-5.155910552615895,-5.51508765045376,-4.760925289682399,-5.1280015838242505,-4.9888269018022395,-4.20169600734899,-0.0687623357988315,-5.021725550831805,-4.93607980067621,-5.78459785114877,-5.23167288463822,-5.030886937405115,0.11146728941201917,0.047528889691662954,-4.11910223139781,-4.797916345228115
14218,b0072,leuC,isopropylmalate isomerase large subunit (NCBI),-5.011900973793955,-5.295281802308675,-5.03269904639949,-4.9762752642536245,-6.020255462807285,-4.83139546142531,0.045037323610296554,-5.70092803663742,-5.188961123833705,-4.89419696311521,-4.39901011932118,0.08987253622081334,-6.642189318359045,-5.726900963992055,-5.486622620198165,-4.96071383917238,-5.8210522283342545,-5.464731478512675,-4.90529976035592,-3.6845767594824697,-5.211113130002746,-5.09446427672083,-5.13696616060138,-5.38333912733615,-2.32866704080907,-5.005655786926235,-3.116565657746815,-4.244076946625215,-2.729650092210955,-3.965302060525035,-3.82607251382234,-1.8833674428387601,-5.921762816343315,-5.36546032585594,-5.30909017024975,-5.389968770438025,-4.689694216154384,-3.649389431458875,-0.199902929691334,-4.64046030936049,-4.546056859753705,-5.43287272342686,-5.254074328408015,-5.0243631030044344,0.00102341014329365,-0.008383589630069549,-3.6057726663265797,-5.11160128911461
14219,b0073,leuB,3-isopropylmalate dehydrogenase (VIMSS),-5.28374999808573,-5.58785568043212,-5.11944564053237,-5.097083409790285,-6.0922529189669845,-5.2051050962981,-0.02915536655579685,-5.6345550385875605,-5.44601685402665,-5.09643834320809,-3.96555365408281,-0.09730474507638825,-6.286761171981615,-6.159241305638355,-5.402717587895156,-5.591156284156855,-6.245307241697844,-5.62695022735474,-5.550937263115375,-4.11490053377904,-4.860176469616745,-5.5951573660189755,-5.0709679272922354,-5.419470401979325,-2.62493220541569,-5.4274423186350695,-3.4909890476752947,-4.13295884321688,-2.829493702957045,-3.7127603762896353,-4.12174601055999,-1.7100942930769452,-5.85131166793891,-5.613157185790425,-4.65727223401098,-5.673065223538934,-5.144763375051374,-3.93124690730291,0.0576051572981527,-4.618481022258695,-4.519365439351245,-5.679878954414921,-5.0577772693224095,-5.3602303123345205,-0.086956791757992,-0.04083560936916545,-4.11488024707651,-4.4086646855712
14220,b0074,leuA,2-isopropylmalate synthase (NCBI),-4.86110093371258,-5.03868974497514,-4.47574176187228,-5.602497158547355,-5.57555470829433,-5.02427035430113,0.07484119891069285,-5.8047820216552495,-5.476010618939285,-4.36855795060423,-4.52116622547971,0.1324804969305375,-5.845497757171264,-5.185674130054766,-5.405330002069515,-4.900367188841475,-5.887512636476725,-4.833203666284071,-4.928987274146695,-2.9278495279993,-5.16067883676184,-4.871121417898565,-5.4656206127755205,-4.873336340573875,-2.12691821019175,-4.745665813597075,-3.096504090806655,-3.9776436597852447,-2.949496187773835,-4.42178526862727,-3.905137496948275,-1.9100972249713748,-5.074525058694951,-4.868783752696105,-4.568703779574435,-5.070469201814315,-4.810562987218789,-2.99788912488217,-0.184442208321364,-4.5575933931539705,-3.5364599257343654,-4.81709817297845,-5.0725323296731855,-5.068550695695075,0.036468814066703645,0.031758621665326205,-3.79215648322797,-4.75404839737894
14264,b0118,acnB,aconitate hydratase (NCBI),-3.4418495631287946,-3.51826435538503,-3.563851351189375,-3.324044337007175,-3.43960012062162,-2.48410810210101,-2.63724708614206,-3.4354270388165347,-3.6516642699898147,-3.1828813223920402,-2.16879023715502,-2.84553833041803,-3.6459993629033702,-2.49857838786652,-3.267035166708105,-3.47538927818103,-3.2648257602031547,-3.606442666853715,-3.4490624250765,-2.8515642950707196,-3.0605974379017,-3.4610199628634897,-3.6536422856884654,-3.54220917086361,-0.510057514701761,-3.47421626107873,-3.16339774314647,-2.90248723651902,-2.97761943869126,-1.9091527447218852,-3.04104281299779,-1.148349369664485,-3.77262386011627,-3.3134536924051847,-3.6226259717416402,-2.726047626732515,-3.38761004194257,-2.9681571453900153,-1.47067357337322,-3.923433766743175,-3.63651816716277,-3.802765023056885,-3.0736997303355498,-3.616723966180905,-3.47869006774827,-2.64883218778649,-3.259647129615085,-3.54451077728638
14381,b0242,proB,gamma-glutamyl kinase (NCBI),-5.368119015388185,-5.01236753552007,-4.46945347797149,-5.2635078618089395,-6.086876519914915,-4.36441767142517,-1.641774855996295,-3.56607661311729,-6.734226006425111,-3.1567361720387,-5.16299406240006,-0.308897649291067,-5.550840748219075,-6.37054750777126,-5.536958579947759,-4.9846316350619,-5.788573023449436,-4.59791429810325,-6.28302470205061,-3.59438972280472,-4.95698731433151,-4.01534417276786,-4.561948962795785,-4.943488137856095,-2.07121813029789,-6.5458540441120405,-3.72215749659511,-3.800914367293405,-4.59877459651131,-4.908027863771845,-3.4727314357371597,-1.7648449488181899,-5.3821911525191,-6.294590478310745,-4.5044092577204555,-5.22408376614528,-5.0294616443289595,-2.66730335304289,-0.0240730495808159,-3.89769852555001,-5.171237099088785,-4.4358060603849445,-6.150284933253255,-5.554898507600685,0.07391024767382665,0.06822890801470989,-3.8848006785386198,-5.17974946559186
14382,b0243,proA,gamma-glutamyl phosphate reductase (NCBI),-5.1020050073242995,-5.321672025199665,-4.402742305915925,-4.75265295278254,-5.535293223978025,-4.80442512302798,-1.6012065959993,-3.632597475959675,-5.661636465719775,-3.656019622623875,-4.66088230120323,-0.2330177843058055,-6.17316589660895,-6.0121942755527105,-5.2100656503362845,-4.612865323151385,-6.005306681692375,-4.571676485811795,-4.3775339139268805,-3.505458405732965,-4.814718245921339,-4.416988645197225,-4.490106073627739,-4.5674234160257,-2.34253370271378,-5.89258929912058,-3.862615509303795,-3.8470281292056803,-5.6326638909149445,-3.943157874301435,-3.2272133403892447,-3.210754973790505,-4.822164701199075,-5.635871639381805,-4.72428107353762,-3.995563593715305,-4.93931682370401,-2.469833470967425,-0.131846086701107,-3.501009383381605,-5.29064578137458,-4.234959008131085,-5.411133537265821,-5.098199580365295,0.29656552100587497,0.15661600620990868,-3.7881480233586498,-4.721498536912399
14411,b0273,argF,"CP4-6 prophage; ornithine carbamoyltransferase 2, chain F (NCBI)",0.07883128569179554,0.1435188511347865,0.162879376309115,-0.02427572667992705,0.0154137917621896,0.17197212521491,0.161141959279605,0.10378180939165986,0.152341105979294,0.16150948522650999,-0.256013817699042,0.03607147433935905,0.072689625060262,0.11752074448210295,0.17966734109731902,0.15728100743241752,0.1278995304559498,0.254585132042987,-0.002273170583268501,0.2957341748572776,0.0305709306907472,-0.0849603771534984,-0.08327790324857484,0.10757590009678945,0.412904472525369,-0.0387974300103467,0.07625146832502669,0.181769266921559,0.289946961112579,0.19638888416927103,0.026582463055066702,-0.11479375043870844,0.07677348044018,0.183078924120891,0.220306146864785,0.009113720894313004,0.07655118238678406,0.0590666252309592,0.154500741586006,0.0182877171404635,0.1439578957492355,0.08224498154822055,0.28511175614816653,0.09130842360529201,0.058478683014537944,0.05949499268079265,0.072227926032724,0.1566768604858615
14524,b0386,proC,pyrroline-5-carboxylate reductase (NCBI),-4.57708672464781,-4.826532325186805,-4.45997711639207,-4.581230991142149,-5.21031750197387,-4.54467805853672,-2.7693840204052202,-4.512289043991645,-5.07209613406201,-4.578250025378885,-3.8975954519198,-0.29237219164055,-5.321344527937249,-5.559744235663575,-5.37635815233688,-4.174053816142115,-5.3411491083698355,-4.190021649770105,-5.13878051524844,-4.1221206009240445,-4.023642015298685,-4.319782644578325,-5.5192315345932546,-4.433277214287665,-2.47603535657961,-5.4015733733805344,-4.462420861955855,-4.192823414556895,-4.42046387995112,-4.02873378574658,-2.97418331190723,-3.3945460098861098,-4.751691514800585,-4.88108213529713,-4.214302601660441,-4.37285356574421,-4.49617483712108,-2.323604758736925,-0.0166860366441783,-3.9693912929092,-4.8473209476180354,-4.8353312596963605,-5.04956948622575,-5.09609259305524,-0.651208629198612,0.0833246276656469,-3.98473809034982,-4.89260447376561
14756,b0619,citA,sensory histidine kinase in two-component regulatory system with citB (NCBI),0.041670627771967506,-0.03997242573623774,-0.0140286875051235,0.041010734294829446,-0.24140841450932798,-0.29890727446323,-0.10263274018783569,-0.0034090460781085463,-0.1191650480132797,0.02029641518581335,0.0419699967466562,0.07380167492237225,0.040460425248597345,-0.20985159307581702,0.17480044120467048,0.0363632741198685,0.11598761012403694,-0.006112821330547004,-0.03198734512930955,0.0078022909146857,-0.04761661431808595,0.03244543083152105,-0.015726101878066,0.026238261456492152,-0.331811336715673,-0.221868223979098,-0.0856597118996642,0.052410511370163795,0.0238023628121947,0.076110788935848,0.006021734083915993,-0.1197728509784402,0.00013293804839119988,0.0233624271728583,-0.09473897209019645,0.03820395888591545,-0.11989649172391095,-0.09404614475602764,-0.261811321295963,0.09205039338347071,-0.13140050618883298,0.0367649025160692,-0.10884420757830726,-0.39174279238022347,0.24644243650756398,0.14212912885065965,-0.012325040282508703,-0.322673782532814
14757,b0620,citB,DNA-binding response regulator in two-component regulatory system with citA (NCBI),-0.028523481611934902,0.03283831132768739,0.02160258383019035,0.10840079640695469,0.11203767877393919,-0.107492243440367,0.01606810258498415,0.195216938179732,0.052941265194221196,0.0082538588027118,-0.145418229159764,-0.0956588668373515,0.11978144986354655,0.06423562587593751,-0.01811901978534465,0.0461700965480124,0.08481838806495835,0.025168221983084448,0.1798253993710195,-0.17916779620868,-0.10385640157329395,0.0457861325547726,0.029418701833145648,0.04666833187704725,-0.0080047205069586,0.09087783110266756,0.055571382901319896,0.0343398298325545,0.0313773365769824,0.06696181317829085,0.0391612130711496,0.07073311018178269,-0.0794874719389977,-0.07171397942365725,-0.0363190756122064,-0.029460681623095446,0.221565111878412,0.09199855961815405,0.0442829793125638,0.0992328142709744,0.154260822407304,0.1016842890812889,0.193721468977417,0.114470016661148,0.05103193192625635,-0.015494833151412,0.06221187022997385,0.1071998775410788
14818,b0688,pgm,phosphoglucomutase (NCBI),-1.004556156044376,-1.481122657970245,-1.1712526239835706,-2.695540830112605,-1.011660954997204,-0.393254377981363,-0.1508499964799,-0.39462172762825254,-1.926531968286795,-0.624148649229235,-0.63116960095674,0.097841771767735,-0.9522499795099325,0.2084609936347635,-2.746559374952085,-1.925483923740685,-0.7100554293690355,-0.578525598671738,-3.476680340781275,1.2796106900154485,0.239180381981077,-1.571396202715595,-2.996660112079735,-1.90352716992582,-1.61853097839962,-1.43871476888738,-1.647674415479785,-1.9367255677594502,0.17427746597181598,-4.001684224041545,-0.25530831057792547,-0.7206014642657235,-0.7833301814627756,-0.2933998919890335,-0.3871525709670715,-0.469952561144298,-4.189933896573665,0.1630314148038715,-0.34807865568065,-1.150274421253965,-1.67809013190904,-0.896960298709289,-4.477979651016215,-3.246744744978925,-1.260596224395455,-0.1242105935566191,-0.4808301316567835,-3.8370414465497698
14852,b0720,gltA,citrate synthase (NCBI),-4.420126669239905,-4.4381213569396545,-3.28702887234224,-3.982987019416205,-5.130790511578505,-3.99926068249623,-0.1718091320461856,-2.605224210850505,-3.740993537057765,-3.944101847898345,-3.20510306726245,0.1262228352081819,-4.472391402242115,-3.77159879103935,-5.017753571355945,-4.07556653416521,-3.565345998691725,-3.330680131303715,-4.30185531330658,-0.12931479530643203,-3.25927874731202,-2.704783165211075,-3.378432808637295,-3.202883188180865,-2.27547084288657,-3.3296791009096,0.297176057982454,-3.355641668813525,-4.25472807897126,-2.6670641821085797,-3.8890885666704,-0.7695161798813396,-4.127138640179045,-1.524148749325155,-3.509065412063015,0.0592736991772299,-3.9213026251507355,-0.6571804450312511,-0.249801575430762,-3.201125044302795,-4.580823303547765,-3.11569787904171,-2.375697997924865,-4.709813222592695,-2.3646710903040953,0.02458508097685916,-3.51803434915102,-2.699646753924255
14867,b0735,ybgE,conserved inner membrane protein (NCBI),0.4094074457283545,0.3184386951351625,0.2526560931903545,0.12826603593243577,-0.0034646185059489,0.600218090327279,0.192668250180627,0.3050644212899055,0.3233739374882455,0.2447815239608555,0.278274639631795,0.1417418059957863,0.1271392270810907,0.394359617174445,0.307218433611855,0.235300205898681,0.22180583275133697,0.062375339033478604,0.36269969879421504,0.3465586044439845,0.1744688309180275,0.07606872146975949,0.1416289128493027,-0.0131339509246281,-0.158919054376586,0.2982211703890655,0.1450667672239799,0.09433715059882179,0.199466792318429,-0.08134967084281175,0.169056021906413,0.17790268752018668,0.183987995307118,0.359368793007119,0.16103394623838152,0.038805457729864906,0.02782775249175515,0.1699090612291135,-0.0917573327632156,0.3952438707192705,-0.0668504059085672,0.311043616004099,0.23878154135745067,-0.030152163068803445,0.533180879027477,0.22688051415808955,0.34941137537099,-0.2554304298601565
14880,b0755,gpmA,phosphoglyceromutase (NCBI),-0.363560673827382,-0.3381063858080937,-1.122593680534865,-0.36599577544692896,-0.2702176433277995,-0.375520381542373,0.216251618405109,-0.5075264008178405,0.0375310385556315,-1.2196429907324784,-2.05553411388283,0.1287995803826375,-0.3561609071517265,-0.07772040358750001,-0.35648465976931853,-1.1357317604663335,-1.1417514613699675,-0.785230998785304,-0.75882741804247,-0.542233734596336,-0.4955531209105155,-1.0898818359765898,-0.7884651747098606,-0.9725733842500646,-0.0767523079019674,-0.2162586444244815,0.12218662255212995,-0.6768767891951151,-0.032342186219561,-0.1289607232745032,-0.5517114893443205,0.4195215215497625,-0.779626585603744,-0.0134023027287543,-0.2575950670973285,-0.3689036085850995,0.023321593745409652,-0.01479942637708855,-0.128226448085303,-1.144247667568468,-0.010798176241262003,-1.0312019675078914,-0.20846790532275578,-0.7956916520928825,0.1140033980489337,-0.16302043229714255,0.0745517285416176,-0.16010035871273973
15031,b0907,serC,phosphoserine aminotransferase (NCBI),-5.745319863861525,-6.6745176678342695,-5.19184743004851,-5.2741834773897995,-6.31807897177389,-4.97749969175689,-5.53322198232129,-5.111212538126345,-6.389942344709785,-5.219094030814885,-4.83506794393588,-5.67350136935382,-6.832624037440775,-5.60063434335386,-6.266094880613465,-5.326528339541885,-5.989928323661115,-4.86168984020168,-5.357830484479365,-5.09380300581084,-5.874865332233295,-5.17560434880631,-5.513439691783455,-5.4627281704494255,-3.01586273280695,-6.163447913430424,-2.33877644144258,-3.23133195014441,-3.709530247861215,-4.802087167061365,-5.66416464872508,-4.4572278680823345,-5.71857036155259,-6.073060605623295,-4.82598006662708,-4.81460574011685,-5.364939418110145,-3.730947038403415,-0.298771078819333,-5.501724741862359,-4.108780548900115,-6.292241034593555,-5.80335355659438,-5.627933719853175,-2.656119192441115,-4.872982940327475,-4.31386164288189,-4.5342171137062195
15032,b0908,aroA,3-phosphoshikimate 1-carboxyvinyltransferase (NCBI),-4.76142035406854,-4.847660360810584,-5.35418106939598,-4.73403682429143,-5.212629094469335,-4.2693984463517,-0.1896235113053095,-5.0213674954695495,-5.20068066785107,-5.008668797566315,-3.67899090400764,-0.187411493105675,-5.656141439051504,-5.211874631382569,-5.32090161609603,-4.959810585467455,-5.453780759920676,-5.006404120562051,-4.477843083034605,-4.1100303501649655,-4.846361141187585,-5.3432943790039005,-5.348976860487505,-4.840753909890945,-2.26891904036383,-5.43319025107871,-4.20333283779193,-4.613201132300905,-5.17341492782934,-3.9054716675809997,-4.806979843356055,-3.19716831809856,-5.2650206768759595,-4.824129295263215,-4.65178706854519,-5.154879542966466,-4.489963478334965,-4.239284668052835,-0.200102353633372,-5.102878114012965,-4.3817890213575,-5.142719901691635,-4.833179334578105,-4.68051731270184,-2.57917774319484,-2.515247631602695,-4.222617415932885,-4.1387839751602495
15052,b0928,aspC,"aspartate aminotransferase, PLP-dependent (NCBI)",-1.41098648530836,-2.60541337336781,-2.09369025637011,-1.782109703373235,-3.10690370231238,-2.33957923589262,-0.4282729774021305,-2.0509791544196148,-1.21578576335913,-2.11507782633187,-3.07631023438147,-0.0602202734540347,-3.839180830315125,-3.05554948953582,-1.39323530143732,-2.4094702036320097,-2.909502040937785,-1.776313198672635,-1.583707024244755,-3.76862942188326,-2.889336450045085,-1.93570457298357,-2.00509650273336,-2.19502176257503,-0.57433319968759,-0.05157847802161255,-2.6377004367572248,-2.62773271732453,-1.5605114835516098,-1.86010496103039,-0.9690906144029086,-0.8860618900837389,-0.46903281675025754,-0.6061761483153265,-1.94099505037927,-1.42389758589804,-1.1234891619051148,-0.8956888954266364,0.0936447569441429,-2.24442009550596,-2.17812516328445,-2.38982242120571,-1.267806969715265,-1.67872962638333,-2.1948775902364153,-0.19705867445469274,-2.009166622905215,-0.4711493236414875
15380,b1260,trpA,tryptophan synthase subunit alpha (NCBI),-6.624369484256525,-5.93539182114439,-6.73019332522436,-5.222457576571105,-5.20363429662404,-6.23635916567346,0.11745781450503084,-4.859737839637165,-6.649984041609596,-5.29310518990885,-5.00535251195637,0.06784466535700154,-5.015477513631344,-6.25988105607254,-6.6027470544336,-5.752871852225065,-7.379253369993475,-6.677898381735391,-4.537822416428225,-4.80014133768738,-4.71386962733708,-6.61553304528751,-6.890792800267375,-4.5988213280346155,-3.90115962801457,-7.94333681331862,-4.06168394168273,-2.462922435731765,-4.23444980816216,-5.723962949820505,-4.7884105492535,-4.52662554369574,-6.483009687367256,-4.665149049299285,-4.991882887319055,-4.970079587928145,-5.83498824546977,-3.7809579100217903,0.218729268414367,-5.37275290993802,-5.421760045340745,-7.020924865777641,-6.612238900770345,-6.73253886060679,-4.6064341455310895,-6.54442402479941,-4.74550523888205,-5.38375784341593
15381,b1261,trpB,tryptophan synthase subunit beta (NCBI),-5.357424491290335,-5.66218517766651,-5.723111558915645,-5.58126429665304,-6.061542797236665,-5.4453466079116,-0.0367125602544283,-6.116289090522709,-6.833758097501355,-3.9593933234378698,-5.47258679226575,0.20980824913749,-6.888736469653139,-6.099641367708346,-6.1963810587568595,-4.17729110108106,-6.884687942288215,-5.82387959376958,-5.699932608536315,-4.565907209517309,-6.02769132737265,-4.521411732933575,-6.853883139396665,-5.23842946697697,-3.00006497894747,-5.245784609955519,-5.770573998024055,-2.629540205140185,-5.699252240057675,-3.665406586402585,-3.721634607165755,-4.875989419784055,-6.77447601404199,-5.473825150322854,-5.499034819844335,-4.875368084478235,-5.86524315944502,-3.028434050194095,0.058954025963685,-5.450660381384045,-4.21150911934883,-5.5709553854945355,-6.527001740033545,-6.66870187712793,-6.08420150872683,-6.03348140638911,-5.222927984037501,-3.9111617183990353
15382,b1262,trpC,N-(5-phosphoribosyl)anthranilate isomerase and indole-3-glycerolphosphate synthetase (VIMSS),-2.8445574415004,-3.392374717625155,-2.755837711431635,-2.54970592574438,-3.245294479885585,-3.4294993478615,-0.05907096205859724,-2.188831181329885,-3.08351557626471,-2.9244329183435847,-3.85799763728787,0.11415769760473346,-3.378487763660905,-2.681882532333675,-2.301508038354675,-3.0415830352686752,-2.781204717395045,-3.19827019256061,-2.4817328132452348,-1.92780094823534,-3.007492872428685,-3.1360736326674203,-3.27617324963398,-3.40286349181818,-0.656512203739434,-4.2137504379539745,-2.126113501411095,-2.831737814009435,-3.1342203072605104,-2.4423331710362497,-2.366436359977815,-1.421650197868445,-3.26460452906382,-2.81409512487214,-2.798918260807035,-2.728222688166695,-2.380582157753505,-2.14693922559333,0.0552150167940091,-2.93063430945594,-2.32975193793924,-3.5651994225416948,-2.27082076227183,-2.78760555607395,-3.8839756882519403,-3.781101045748875,-1.9790480708151599,-2.130260908765595
15383,b1263,trpD,bifunctional indole-3-glycerol-phosphate synthase/anthranilate phosphoribosyltransferase (NCBI),-3.2170284549778447,-3.088629255046285,-3.148681315967215,-2.3326882766160297,-3.133079508085435,-2.82804908027118,-0.0257319996913615,-2.311883042932195,-4.04418872368023,-3.96824847780758,-3.63130036149837,0.618597084339675,-4.15083887550645,-1.3971821405461902,-2.329172038177065,-3.83279201248044,-2.173198822724635,-2.182971092394695,-2.315464269974525,-0.9585260465614556,-4.5342054515311006,-2.73403927437484,-2.944873504091225,-4.943843855636585,-1.92295321913439,-5.440439881609005,-1.9456408962479452,-1.678756098573865,-3.77967660846601,-3.304875014934445,-2.439300213738035,-1.836571111939025,-3.224143797271425,-2.798781303295165,-4.823893394789435,-3.226635035772245,-2.71578223372744,-2.5016022421697652,0.588134483396096,-2.856911208919455,-3.3248652387923148,-3.7753782680835046,-1.2984084002628475,-1.49006543495064,-3.91003409104242,-4.50359572669365,-2.5627385828899154,-2.545169332288685
15384,b1264,trpE,anthranilate synthase component I (NCBI),-1.5223331310372399,-2.5118403711574304,-2.099041129840475,-1.70011620061553,-1.44782775473695,-2.34087132498926,0.011163737055301699,-1.507482775581445,-1.66056632427524,-2.20073479928632,-3.14446858498498,-0.0211945058817109,-2.18393152066133,-1.310451545781765,-1.5439113884689801,-2.7158058024539398,-1.571280030051415,-1.91165690968007,-1.3400010295644,-1.048577360665405,-2.3509413061983846,-2.1557306701326153,-2.4737046978169053,-2.95120170883793,-0.432463674037536,-2.64552658870249,-1.3721891215051851,-1.462950652399925,-2.152930881776785,-2.4827793022025553,-1.22761433491313,-0.9050019425578555,-2.11249690770554,-2.12711690350685,-1.770734006986245,-2.63002927122875,-1.0983408161734611,-1.4045351171619,0.248619823706822,-2.22627760475979,-1.501042882148055,-2.3213596789525104,-0.5538855145469239,-1.40055136227689,-3.8703798580175253,-3.44736988934672,-1.27563247982463,-0.9398725314670071
15812,b1693,aroD,3-dehydroquinate dehydratase (NCBI),-5.390479636300225,-5.9126560562926045,-5.700072743602934,-4.789555880639075,-6.11259275959925,-4.3743228654992,-0.570499588338648,-5.0764280778437545,-6.0482646431671,-5.5236660020272,-3.93128327496033,-0.5619225350041595,-6.026194101894324,-5.9695596426867095,-6.229498674176025,-5.401569522204015,-6.473356064269155,-5.51177652648923,-4.69648348033744,-5.379732626425755,-5.312776344241345,-5.69009565437797,-5.597378297202815,-5.736693957211495,-2.92902658732038,-5.943625264232455,-5.168673080184565,-4.189039935342285,-6.085788037250429,-4.505729163216785,-4.940204905358765,-4.01158700731123,-5.808013033229065,-5.57804029781976,-3.987836691707685,-5.4544745754915755,-5.431474499502615,-4.188836306850559,0.350396031900523,-4.65622072491563,-4.85490652679643,-6.111532954629469,-5.63684732445354,-5.15893094155177,-3.45569538452743,-2.4473363207299,-3.90822627592955,-4.4508009515902796
15823,b1704,aroH,"3-deoxy-D-arabino-heptulosonate-7-phosphate synthase, tryptophan repressible (NCBI)",-0.24986888764877602,-0.2162506709876965,-0.203217845189119,-0.24570430079458197,-0.13031832747686203,-0.02784643376394,-0.078633709052629,0.1005388021489905,-0.36265863792923103,-0.17987124726353976,0.0635037233973774,-0.1383221923508623,-0.2092388264722725,-0.263761686210668,-0.343674959305294,-0.5251825477848865,0.00872632049506035,-0.2638111707885535,-0.3624816566573475,-0.9257379956628305,-0.4916054987250195,0.0391403707986681,-0.6572606166160511,-0.3889166360114015,-1.3748964123518,-0.1266884274017043,-0.13912014328708155,-0.039674641721698226,-0.07458917403248101,-1.0858343357635576,-0.1738375213445165,-0.209483631878157,-0.1219424709376615,-0.16300388241622799,-0.2956527918137835,-0.31277563197889247,-0.8074674034379595,0.007672999755631951,0.503732490298658,-0.030953807438288947,-0.3098286081041736,-0.3273374787098625,-0.651353409220799,-0.6679458122353881,-2.34149956005839,-1.0546712595212775,-0.2334291835095329,-0.9574846911881115
16127,b2019,hisG,ATP phosphoribosyltransferase (NCBI),-5.256220108874235,-6.706294470771085,-4.3360722669229155,-4.43885852961122,-6.18305365443854,-4.8694885823749,0.14619392197392134,-4.545159798692225,-5.360605790251685,-3.256157475384775,-3.66988974011822,-0.252372748990768,-5.95658877899469,-6.624903940255486,-5.533639485643031,-4.735292984729905,-6.833389753886885,-6.022499020245325,-5.21647034432266,-4.239226457759,-4.980505547852595,-4.95466793838515,-4.34978096707268,-4.423718969577705,-2.58087983729015,-6.9428379572687,-4.008045603003465,-5.351570219613135,-6.6917365270127505,-4.1719677315229795,-3.567539905229385,-2.792424056530275,-5.358237731792665,-5.264817769940845,-5.35352870250006,-4.095961589000855,-4.517632416918655,-4.15245023340628,-0.172882946789252,-4.722513356341709,-5.64444087569855,-4.26910647259475,-6.84348402246719,-5.7394022210730355,-0.147838875028281,-0.148219557817955,-4.152330994171795,-5.17327262934025
16128,b2020,hisD,histidinol dehydrogenase (NCBI),-5.2612397855056,-5.810116146319951,-4.120211983417005,-4.55415973660707,-5.9517485572549855,-5.18411843391529,-0.13587015179669396,-4.512139489346505,-5.09624727687933,-4.396789501603475,-4.91824117395879,-0.13712007537365845,-6.047670937094955,-6.854144469964455,-6.745388942058215,-4.751082500011395,-6.710482172276645,-5.54309714918116,-5.514768183703181,-4.16046438143842,-5.38480318989084,-4.579993484790155,-5.376023651493124,-5.08814540851545,-2.41562896615399,-6.63457815556325,-4.79508370465334,-2.983205444101465,-5.302186610424934,-4.12911640181932,-4.113388183937525,-4.7959891720722805,-4.698502076831655,-5.437648151556485,-5.23359362144719,-5.18239493708424,-5.3492492406030046,-4.47569056976278,0.0365217192574759,-3.976862180849355,-5.093229267360416,-4.529360782749965,-6.0932807904620745,-5.185753948955555,-0.07425790263495155,-0.07430134990614065,-4.057030107083145,-4.741518459578796
16129,b2021,hisC,histidinol-phosphate aminotransferase (NCBI),-4.833635032088755,-5.37854394540777,-3.851636322833345,-4.62966159635629,-5.496718130105975,-4.92604574292062,0.11051953471898329,-4.4372272775286,-4.37005848151817,-3.123085677405775,-3.52015567803184,0.3249610689616704,-5.57256609548152,-5.598516984742989,-5.5565202909654445,-3.6987336386934597,-5.988049345322015,-4.65053023017159,-5.175637235260226,-4.571089604464705,-4.8351148491024,-5.390274881519424,-4.2413634649640795,-5.166881729518741,-2.8266889890381,-5.743567189588145,-3.9966669075462153,-2.470932322857935,-5.098256467390825,-4.362043197477265,-4.1021963452514605,-3.7380687190549797,-4.66391660911823,-4.444523111185865,-4.69375173073346,-3.24156225947023,-4.95633139533101,-4.619421874298725,-0.1180103576693,-3.918960342969215,-5.0370150397819,-4.518954133681995,-4.708620166442765,-5.530653365121265,0.0518905939459553,0.1310217423472727,-4.225230766807661,-4.65191360224698
16130,b2022,hisB,imidazoleglycerolphosphate dehydratase and histidinol-phosphate phosphatase (VIMSS),-5.56697574623972,-4.961960941384745,-4.459171581272425,-5.4561345810763555,-5.9514155604646195,-4.33486866561227,-0.10818527331825925,-4.70315676833123,-5.298145716861345,-4.053349299393175,-4.43616449449551,-0.10717015083649475,-6.0242451037361,-5.331060904917865,-5.7664973467465455,-4.584590268249495,-6.268599498403095,-5.10626385681744,-4.85858243308139,-4.339314061668736,-5.604340496805349,-4.05766940390134,-5.028576409764275,-4.785784893865295,-2.79130606950798,-6.36622738182292,-4.06293045329647,-2.6990401524733,-5.398121520949035,-4.195280981244005,-4.686523072957906,-4.308775464505535,-5.29688589640806,-5.095969921701055,-4.80928941558345,-4.643784101358435,-4.696144840835045,-4.966050972304935,-0.302804517046304,-4.93848326005193,-5.06756377845328,-4.633193571275035,-5.1073477901825,-5.3805110767293645,-0.0617912536089302,0.0287187083780031,-4.888313124460895,-4.91621657432589
16131,b2023,hisH,imidazole glycerol phosphate synthase subunit HisH (NCBI),-3.59577723736271,-5.6020700681591755,-4.181831996796615,-4.74634576983377,-5.7279139026307355,-4.39866029362951,-0.0365445615497245,-4.5509610052644405,-6.097906889963021,-3.5444836579713446,-3.95337291734537,0.430078659174212,-6.347298099904905,-5.86188457798872,-3.997729279137165,-4.75547165709055,-5.89822014722799,-4.914404246470715,-4.39652852190917,-4.17255793763411,-5.054241302402231,-5.033846205149205,-3.4454605339091753,-4.209802929305425,-2.72261112373698,-6.07920048008791,-4.24185299779842,-2.55590677353179,-5.967023517767525,-4.129595971858405,-5.64336356008688,-4.09688915573042,-5.041181729330975,-5.2868085224485,-4.1078271852285155,-4.367354867650845,-4.16282626131498,-4.6465534341117145,0.152861810371751,-4.302173800012035,-4.830699099052135,-3.7398350929067954,-4.200451824705335,-3.98533598819801,0.251341505260354,0.07532079744680195,-3.16971937350458,-3.984766241098575
16132,b2024,hisA,N-(5'-phospho-L-ribosyl-formimino)-5-amino-1-(5'- phosphoribosyl)-4-imidazolecarboxamide isomerase (VIMSS),-4.1739726471632,-4.660832766829261,-3.9299057702537645,-4.32200973460427,-3.79606998425779,-3.92186708771903,0.032046917495365305,-4.089455453751645,-4.521981974362965,-3.491667533208,-3.94498983429171,0.2341166321825788,-5.110610191626825,-4.452204122992445,-4.2263518742511454,-3.68767018005911,-5.085982583010701,-3.6742582739192304,-4.16779265458968,-3.1201743607055397,-3.75100507230525,-3.5395422502055203,-3.622487280656705,-4.442192940451425,-3.30389803687391,-4.902507614630165,-3.104494353608855,-3.05744947383631,-4.23903799084779,-4.01739705082472,-3.3268994549877,-3.58197034534078,-5.041025936696405,-4.59785068201971,-4.78367376725872,-3.7674749479254848,-3.5587894415262102,-3.986556169277625,0.582057787718315,-3.611933903523145,-4.402811931220545,-3.862251383448165,-4.897126360194895,-4.00672729099159,0.345441045967351,-0.09916452202492754,-4.276076912900365,-3.676320283407125
16133,b2025,hisF,imidazole glycerol phosphate synthase subunit HisF (NCBI),-4.529145272591995,-5.83888041792739,-4.68387813784056,-5.728608019385245,-6.66456300980253,-5.50734818806331,-0.1681478514942739,-4.61766360694918,-5.160603791068465,-3.559292805678895,-4.27863767534867,0.11218567872682245,-6.40765477643256,-5.88578293366097,-6.33630138797553,-4.08903935390438,-6.02409676604773,-5.35327079724689,-4.753138497174765,-5.564050298945265,-5.579865728675535,-4.631052652790965,-4.49917452179842,-5.812221027068755,-3.17676487889477,-5.80984658672025,-4.4099465432469955,-2.424246717980055,-5.455516710852271,-4.158715654607795,-4.475132787291955,-3.791448911071955,-6.001551161129125,-4.24261444886203,-5.18566518197826,-4.62869599340654,-4.65544754738898,-4.878254741157675,-0.862780149691939,-4.14371955495967,-4.920059887766135,-4.26736378765599,-5.347121470704835,-5.66780211214974,-0.025409060697745303,0.0977440450864991,-4.993392991409995,-4.916131682213445
16134,b2026,hisI,bifunctional phosphoribosyl-AMP cyclohydrolase/phosphoribosyl-ATP pyrophosphatase protein (NCBI),-4.143835426256765,-5.369076039534935,-3.17691769289282,-3.36982306145073,-5.450341268660795,-4.74977464623574,-0.030350638847532002,-3.25294992354269,-4.696096457557515,-3.059792553073115,-3.77638875283311,-0.1806196597916955,-5.956890625016135,-5.671367407955745,-4.08424667894302,-3.476371486321495,-5.221004051922344,-3.2530281618936847,-3.7935383723542353,-3.56262924228019,-4.58411933050368,-3.2111049370433546,-3.560027247376635,-3.64433966118635,-2.43565272672982,-6.3960054586327395,-2.609242460508335,-3.5597803406013453,-4.445312392235435,-2.194808067791945,-2.291586780389125,0.10575423669035951,-4.5256481499797,-4.449689512409705,-3.68682831486759,-3.08168556638024,-4.2202093064053,-2.84979431405392,-0.0712161728779216,-3.087841901064695,-4.8463304064563655,-3.870940853894215,-4.086621640790259,-3.53597465010166,0.0587807980393794,-0.0180470205199525,-2.86552768630436,-4.214396290409169
16416,b2309,hisJ,histidine/lysine/arginine/ornithine transporter subunit (NCBI),-0.10812165070605499,-0.06156310713005475,-0.08904330394581239,-0.287581772593925,-0.2851919592292105,-0.157561500890969,-0.288148474682515,-0.0005448052945958987,-0.0332872692475165,-0.1248725633214062,0.0531425498648098,-0.31960558277351003,0.08099168068315005,0.046591344121708046,0.0943184719910499,-0.0927309504798817,-0.275697926199108,-0.29215550904617,-0.172849957674137,-0.4701355459527085,-0.018438412519828,0.182297473397395,-0.41443688740516504,0.043878635553877644,0.527815582142818,-0.1556696347072025,-0.15361134749358699,0.1821208268588005,0.10107883548180185,-0.01708381891661649,-0.365725403126478,0.3449369237620681,-0.17667757545593965,-0.23438901705418153,-0.22315990336281083,-0.2890631944665026,0.23263441870439805,-0.200541891114036,-0.171368663692993,0.12195473999915894,-0.08045372458441441,-0.07331540446237611,-0.1372824328910605,-0.13816125213713115,-0.3482335861699525,-0.2830220929857141,-0.2346127435247559,-0.0335591417711015
16436,b2329,aroC,chorismate synthase (NCBI),-4.333704122880166,-4.85962114648705,-4.854225099996755,-4.68989688821433,-5.238907420384114,-3.8623092411006,-0.15232758246719702,-5.197992302853475,-4.61810147058907,-4.78262139144379,-3.71610512756318,-0.168069225741929,-4.9010859152569655,-4.910085936425535,-4.556501448724835,-4.96791944492736,-4.945415421180265,-4.55152458083078,-4.45870082503564,-3.315533503596495,-4.475109127268585,-4.666057113803371,-5.07774594482189,-5.148103499457525,-1.83585435305848,-5.03088492160144,-4.400264037098635,-4.81364207915375,-4.497043909364845,-4.0852551523428,-4.326409322034335,-2.766500215515755,-4.7301045070024745,-4.822426052796795,-3.8654833670921196,-4.81512745682869,-4.044361767169805,-4.012299155325315,-0.36335407137682,-4.532074145519015,-4.350643858813835,-4.63245009035703,-4.405980516038531,-4.743834946420391,-3.15305773831549,-2.731628098463815,-3.998181881419725,-4.11630846276895
16513,b2414,cysK,"cysteine synthase A, O-acetylserine sulfhydrolase A subunit (NCBI)",-5.05790625628354,-4.697091676633225,-4.11598074163158,-4.759589121558671,-5.921955916701455,-5.00928687122212,-0.2494862809748645,-4.560008749264885,-5.9242524617318395,-3.532560713080465,-4.6595634028904,-0.03671411669118895,-5.58485977669115,-5.094726626825815,-5.256773002223475,-4.4594992666238245,-6.040709929871825,-4.44797182421261,-5.1405319548678,-0.83134933389858,-3.538720766418875,-4.42964365760277,-4.787013219557645,-4.508199211532155,-2.70322152107024,-5.241193830023455,-2.68991964434964,-3.942931475591665,-2.283680897090345,-4.547870709405625,-2.4135449922845753,-2.223292759207165,-4.94695420057921,-4.4185443917594895,-4.905174517653675,-3.710702489360925,-5.337501356268035,-2.8142117444898602,0.133021962961028,-3.828910893064505,-4.919326646993994,-4.959822115232325,-5.915078852418255,-5.3934292843551255,-0.398257279828532,-0.47887201553929803,-3.473318972854555,-4.328539102923864
16694,b2599,pheA,fused chorismate mutase P/prephenate dehydratase (NCBI),-3.3503888913514652,-3.3593947312523103,-3.3142393043563247,-3.144307147375205,-2.8995995352303403,-2.53516806148515,0.07912569486228796,-2.899739731732585,-4.094987896116525,-3.46903350152395,-2.74577449941216,0.20896376847476467,-3.177604106827575,-3.28131185652996,-3.85084333002058,-3.0048962166971798,-3.232800646517795,-2.64419179358696,-4.12843941106572,-0.747186493142169,-1.8797706633255151,-3.358420669552265,-3.910485426167225,-3.6042110948376553,-0.387215504354626,-3.0274945299982203,-1.9625968240979401,-2.47721738111493,-1.9605279715078852,-2.158075424589935,-2.32931505792941,-1.3212545585496,-2.97882589676906,-2.12668834477709,-2.4937236005244303,-3.412758765080815,-2.6225881748201454,-1.50448025390725,-0.0297681167266185,-3.096928375813905,-2.99809622807597,-2.94345555116466,-0.906872092826818,-3.9780078626622,0.0725490559814855,0.11570169886451606,-2.034876294410445,-1.5147010483253949
16695,b2600,tyrA,fused chorismate mutase T/prephenate dehydrogenase (NCBI),-4.820758146874445,-4.55167905388401,-4.276150852309295,-3.953908983226425,-4.14213022636664,-4.50584111403478,0.1511015342381202,-4.175456468262955,-3.945449220983345,-4.965222933695885,-3.49592335656945,0.2908648715596145,-4.38079803289932,-1.718982487429265,-5.5390615530742195,-4.5712670909736,-4.2731085059411,-4.33497708586996,-4.19391848794048,-2.728360936686705,-3.55130179270946,-4.43318169005437,-4.008758459466041,-4.149880837608926,-2.13279305600642,-5.140213402256495,-2.869739603994355,-3.8914447054711845,-3.97482807280522,-2.92474610668841,-3.08287022650839,-1.60425250808533,-4.06541865824806,-4.06368909231887,-2.86623408025128,-3.90508315256612,-4.081629132494245,-2.53166780928034,0.271489869915295,-3.84916530928985,-4.538580533727125,-4.3737679008480255,-4.576815902579895,-5.1462581556115445,-0.03878467959739765,0.10380916051295985,-3.7049425958569353,-3.723577537314125
16696,b2601,aroF,"3-deoxy-D-arabino-heptulosonate-7-phosphate synthase, tyrosine-repressible (NCBI)",-1.69430872544704,-0.9945475419442369,-0.996199850614787,-0.885578456858116,-1.12571704757283,-0.969648104729157,-0.0507316759027665,-0.9273001925809365,-1.280795919278055,-0.7606973590738665,-0.764271627907025,-0.01894448516150505,-0.8050774216104045,-0.6539235736324975,-2.261187882789555,-1.082697581713366,-0.758123967633437,-0.6592407914401615,-1.476170561298415,-0.3363035783553965,-0.607077829399287,-0.7163352412321691,-1.1103600127328326,-0.9047112829281365,-1.48039106885791,-0.8416816597453475,-0.768695538984576,-0.918337272076438,-0.8727068014986781,-1.641596153783425,-0.509469112636879,-0.1274584543030128,-0.691639022713634,-0.623861880797714,-0.9955600622352885,-0.5486831480760195,-1.38029379954533,-0.5445322309368035,-0.362158416889488,-0.9242031367522965,-0.907315596530794,-0.892541711424709,-1.118018263880245,-2.32067670099986,-0.1423411607787965,0.0111414441636736,-1.3293429523740299,-0.9441976528369991
16899,b2818,argA,N-acetylglutamate synthase (NCBI),-2.60740081927278,-4.49545394703444,-2.89868229391623,-3.966363853114765,-3.99908073793738,-4.52927824732868,-0.0705617817366673,-2.613734406054085,-3.9046698062957903,-3.24333712819227,-3.40578808776959,-0.00146443790279945,-4.883783306445555,-3.92303675945218,-3.5726720157486147,-3.1835314123305647,-4.5827027132272296,-2.993664298232875,-3.53551469637995,-2.026367565467585,-3.539131666517,-3.536543955513125,-3.0201170704679,-3.02913160692995,-1.76252506604842,-6.2856470278442,-0.6585389692188225,-3.05137620723848,-1.8749603492401752,-5.00345459638962,-1.247315905490325,-0.46250743935887295,-3.5370862838211297,-4.03468729213325,-2.7789059806873997,-2.494916522457245,-3.67944027824427,-1.62640118597171,0.230375993699149,-3.1220753027102397,-4.2654205880647655,-3.0502719813499253,-2.822033621483555,-4.05807217003205,-0.249676812447956,-0.1078979273747813,-2.19777907826048,-3.72855675192008
16919,b2838,lysA,"diaminopimelate decarboxylase, PLP-binding (NCBI)",-5.215986001625485,-5.537011119055795,-5.597824501240605,-5.108964626308845,-5.614059236369945,-4.52190610870028,-0.2940467087288945,-5.373028790153575,-6.043218629558045,-4.816622642947175,-4.07066641125486,-0.28593545683366095,-5.873074601226725,-6.013562823447695,-5.47858389367896,-5.622363742661915,-6.045451086828065,-5.492294831729845,-4.91600442776838,-4.436610209601531,-4.363369331607155,-5.1832191748438845,-5.714292890856035,-5.170427975679544,-1.92562795323308,-5.959734215760285,-5.81979676075297,-5.4191622280165,-5.399554458070095,-4.01683994494419,-2.8476530033187,-4.51964475124457,-5.45813441718594,-5.63929447378409,-4.357280750658585,-5.857317572561255,-4.81844655596505,-4.647340387868169,-0.0151730070204676,-5.2897001061456645,-4.15083563686307,-5.5050706933687,-4.9587108680467455,-5.12713256135552,0.0320276038816659,0.055014445016679195,-4.227744037188939,-4.7505718747377
16992,b2913,serA,D-3-phosphoglycerate dehydrogenase (NCBI),-5.03375857898083,-5.28898337022142,-4.896659635938775,-4.664472591406435,-5.271407162557701,-4.09870645510253,-0.688328348722272,-4.829147061541505,-4.87429026482554,-4.96593625576899,-4.08776238114431,-0.033710156733504,-5.365811347871965,-5.63641640040499,-5.391991978311625,-4.899433024806649,-5.334155930109031,-5.09097155059876,-4.43225253064081,-3.585221677488315,-4.732415577231695,-4.89040357997495,-4.7554641776191,-4.998809180735504,-2.35513307993867,-0.27098950179887904,-0.1343800475010255,-3.525646119528405,-0.02649676076795935,-3.73420392876033,-4.6556398927986695,-3.19200647842938,-5.14064810651083,-4.45448984280484,-4.969236629991465,-4.7039538940861,-4.748809078697246,-0.01087851827822615,-0.0459565107419322,-4.859366952837175,-4.20388796258834,-4.954582472793906,-4.870236428003195,-4.678556026685255,0.005484866815135651,-1.59328814451891,-4.911519311024505,-4.542284717960875
17085,b3008,metC,cystathionine beta-lyase (NCBI),-3.334962079528685,-2.203736311847575,-3.55341183966858,-3.153651116254645,-4.516834671026659,-4.60063784461512,0.04685038699098834,-4.02609140535178,-4.65779405471503,-3.177613875800695,-3.37699536319736,0.032450009794642555,-5.01498336333276,-4.19037212444263,-3.236400245697425,-3.44120570941457,-4.861945103294945,-3.5452063145384702,-3.5304389236541303,-0.6832184037757769,-2.0584871734656103,-3.8585176538310053,-3.74542505885978,-3.4951437854245597,-1.60785154528145,-5.3703775408634495,-3.77542349214979,-3.7260518508618947,-2.760243546914345,-3.08626246173272,-1.1665200490721048,-0.595283894912195,-2.70211374706328,-2.94070508824066,-3.25873288050461,-3.949994223045395,-4.8535243907486105,-1.42201204849951,-0.0436826112628106,-3.92456831576845,-4.72926657711164,-3.688363063225345,-4.22168471622664,-5.041636031217995,0.0265129814244488,-0.1222460099923699,-2.754089698571555,-4.50308116653564
17244,b3172,argG,argininosuccinate synthase (NCBI),-4.659586099525015,-5.269245135785855,-3.928712964711695,-4.69965098206011,-5.163793143811731,-4.31452658459296,-0.05046428731819635,-3.8651754306807904,-4.611863811551775,-3.465682998834355,-3.85509242851287,-0.0457657778692173,-5.53135380904615,-5.14449954294789,-5.28576976016832,-3.9130822703651296,-5.63749550384268,-4.17421325942847,-3.905514808910175,-3.36245804791549,-4.55801316612388,-4.2570142584629345,-4.32823631388076,-4.922380024465355,-2.34404071918979,-5.856848807438615,-4.98621820549104,-4.17441695521255,-5.128779775347789,-4.318545888313,-4.243461158925405,0.002945539416621998,-4.698438744518555,-5.201180578630195,-4.125682264451514,-3.2088855424842446,-4.221673087484085,-2.5180865347227703,0.185492187459872,-3.71537858655865,-5.14439929532959,-3.90843814175847,-5.304718044457404,-5.26692830760128,-0.1400422057017917,-0.25927122165558003,-3.74080710698708,-4.57200841795189
17344,b3281,aroE,"dehydroshikimate reductase, NAD(P)-binding (NCBI)",-4.9915120907654,-5.38405612081171,-5.74146618950885,-4.914458100924746,-5.643951071239685,-4.59889321227431,-0.3851878564800125,-5.560893113020945,-5.510050749646529,-5.371862624792735,-4.49884055894791,-0.293875879668798,-5.978157437246835,-5.6670515640618,-5.436298937537465,-5.41709785503472,-6.01169114372158,-5.19296178505611,-4.913762458881751,-4.463595011807535,-5.27819202198521,-5.625189084832915,-5.457099942662005,-4.859375148744135,-2.87725758954607,-5.975051807785675,-4.5145300972000655,-4.276388551804375,-5.138068413829741,-3.9578955565933853,-5.1075082346278,-3.5693212102840253,-5.710102388760185,-5.235428228265075,-4.525982133974095,-5.456277553345235,-4.82125446178209,-4.651675978255875,0.107354421901019,-5.16301188611016,-4.787067755802945,-5.436048584698245,-5.33686346787151,-4.86512974613256,-3.752327629346995,-2.661459040729465,-3.86051187860404,-4.82242872033884
17422,b3359,argD,bifunctional acetylornithine aminotransferase/ succinyldiaminopimelate aminotransferase (NCBI),-0.07204807375874775,0.007304099166948951,-0.15587715139380498,-0.0237082851806482,-0.45607914008308004,-0.353700142061413,0.008147322938727448,-0.407280596243934,0.013836757080124652,-0.2781395134963795,-0.124922281490869,0.07371365881376035,-1.85280971758831,-0.5424365358573745,0.0452816711456283,0.00945135662406505,-0.1176343865174575,-0.04829476605012705,0.11884198813514704,-0.3253949838993655,-0.304614825697353,-0.039452326655517005,0.0513300099323927,-0.022806409379516054,0.0317480054640504,-0.4866080790710225,-0.049108813605843654,-0.06651977679606516,0.09642589356875506,0.021313830663531902,-0.0032531925437949485,-0.02068980155469305,-0.5842610200939156,-0.1843932614227545,-0.35751595678897097,-0.5010726203616305,0.01238524501857375,-0.182215354835267,0.0820940652165112,-0.241610846292441,-0.0393980519336974,-0.677536971944818,0.22946196225500648,0.06969717158278085,0.056908238220989,-0.05599992625877505,-0.19550935946125653,-0.38621182092558304
17452,b3389,aroB,3-dehydroquinate synthase (NCBI),-5.2179499464806405,-5.82470813359343,-5.746928618165665,-5.006858416874855,-6.05701916291864,-5.05683800920698,-0.3104307268882855,-5.510238061924525,-5.751890101320949,-5.24300392033364,-4.5171423290401,-0.0853852357042334,-5.86255125768511,-5.93507726716329,-5.70966751594049,-5.12899863094085,-5.8920800441749,-5.0381751899350355,-4.715320603514096,-4.492101284396165,-5.042034808418805,-5.877787891275915,-5.549076720251705,-5.441279536428015,-2.47405427605066,-5.992609584923475,-5.1757331268367,-2.786765249216145,-5.47462897455814,-3.79905886843539,-4.945081678670875,-3.2129146379032347,-5.48625340055313,-5.83455353689317,-4.731788206177464,-4.94308890776335,-4.90373601021985,-4.596766663541326,-0.141297371919409,-5.250592873759411,-5.23584512878939,-5.58221566602227,-5.59913033197282,-5.14916731361426,-3.396464238405965,-2.821730119562555,-3.9679332211222103,-4.6747152416914055
17731,b3671,ilvB,acetolactate synthase large subunit (NCBI),-0.783328773294843,-2.180772019387245,-2.67958543294951,-3.2421381277145054,-1.637973706993705,-2.03614033562715,0.04458449486552115,-2.323060340481015,-4.184919097087045,-2.5573606999177647,-2.03097058710039,0.0087668905369093,-3.7755318969733898,-0.2975944438135645,-1.443711300877685,-4.2786190105125,-2.855208042935465,-2.5346501682931253,-3.65411343387341,1.50343629315544,-1.3292294109941651,-3.4335951650131804,-3.700035986650625,-3.9811380249835446,-0.86779335816703,-2.897222597689575,-2.044557622018265,-3.094395461797535,-1.31464363622938,-3.11252762922497,-2.166367101635175,-0.331519284384456,-3.1414561272444903,-1.9820183626345451,-1.9757887626588402,-3.124559549538305,-2.164262326050305,-1.563127839637375,-0.0093216144685281,-3.0396398893709202,-3.25336957158148,-3.05786400299302,-0.6462522127977235,-3.233332493941655,0.031237301470630703,0.044605923542575046,0.591139884682789,-1.37337801004633
17824,b3772,ilvA,threonine dehydratase (NCBI),-3.73215022242693,-4.23425461428834,-4.528003693948024,-4.7164408208333946,-3.64998216029158,-3.81071395653967,0.0211856763606639,-3.423709842812165,-4.681046096144315,-3.055371501673955,-3.41567111444913,0.010333533412897701,-4.64730080364783,-2.160546900207215,-4.996050287710315,-4.458488401589269,-5.42676085933263,-4.814667636079005,-4.057456870117409,-1.98055988200959,-3.092448217237355,-4.5740946830211,-4.61369722174089,-4.38622535187767,-1.67108364716129,-4.918120376803895,-2.94219848370365,-4.1085630722479305,-2.6219268992734204,-2.37317205512092,-2.799185102346195,-0.9962247891343811,-4.30466093730592,-4.842707530084295,-3.6537407084537046,-3.42387955955067,-4.54283421312745,-3.18362109605249,0.0778736752540399,-3.59339196854398,-4.79004088436115,-3.768205025010025,-4.96558241447708,-4.3168906715622,0.0214112829179438,-0.039789759770972,-2.805151135639905,-3.9659640603842954
17826,b3774,ilvC,ketol-acid reductoisomerase (NCBI),-4.931976316276501,-5.298859153179205,-4.99585555918692,-5.294352496366296,-5.982783794026425,-4.8498456184892,-0.00585584507940955,-5.372027693206039,-5.756995369656405,-4.384594763520321,-5.040727432199,0.004700843533681848,-6.149003688862475,-5.388627690885015,-5.547983177347755,-4.5458213029063455,-5.96277922261829,-5.5248675733422505,-4.892074732277695,-4.187377658892824,-5.37995259335361,-4.86754375420179,-5.58581895096946,-4.8856693612207245,-2.8344569624308,-5.27485199829717,-3.869220115914675,-4.264002229967446,-3.8590782236106698,-4.53477790768697,-4.3859023480319905,-1.932836979984125,-5.927234455592744,-5.31544249696018,-4.6622685360722205,-5.04667223050641,-5.079227151941045,-4.923180371116575,-0.118405059707987,-4.5290063395327,-5.251226995504205,-5.28414025914396,-5.856821485497445,-5.5919650169553154,-0.04514706626124225,0.141833950068908,-3.87497482405145,-4.9229741660876805
17877,b3829,metE,5-methyltetrahydropteroyltriglutamate-- homocysteine methyltransferase (NCBI),-4.560652059510975,-4.8502455877708055,-4.13485160667846,-4.2323919912891945,-5.288515661055415,-4.49241325942173,0.0920974396319612,-4.55753757634399,-4.914354052435885,-3.786677639845765,-4.30915467935773,0.1140170072211565,-5.115930656716285,-4.923784572867335,-4.638499479361441,-4.31254704584039,-5.11148831019489,-4.43998163407995,-5.159629089658241,-3.7259222261929903,-4.163299526527284,-4.55686887838891,-4.129633618802255,-4.574984673301195,-2.61505512331899,-5.199361118480135,-3.9257296640039,-4.33588496886035,-4.67737905346702,-3.8823436759674452,-3.666169189364685,-3.50391620700981,-4.55674905320088,-4.72222550284433,-4.204418401679915,-3.4589216578809996,-4.4174442749311496,-3.612711172127635,-0.0100322453002855,-3.9997268537233746,-4.413024691435785,-4.816190240762024,-4.703103002226265,-4.376864647265265,0.036096652551262896,0.10648872522408995,-3.64458454593749,-4.178451992434814
17910,b3870,glnA,glutamine synthetase (NCBI),-3.782217857216315,-3.240206843126925,-3.76792902616166,-3.236986754830135,-3.77634789717165,-2.96724663165057,-0.84518160785703,-3.52188634918478,-3.779973245570085,-3.37929241163973,-2.12085197801102,-1.4806905088766444,-3.520745008295595,-3.822735464894365,-3.50280256256345,-3.39699553484499,-3.5287057324760998,-3.7355754901977303,-3.45709887077817,-3.002276688360615,-3.1747983472715298,-3.5625953763899503,-3.54781166863526,-3.614588637032425,-0.777324423072451,-3.6298925061640803,-3.619598037429075,-3.321902015150685,-3.602498048718565,-3.18253439598332,-3.47835661698237,-2.321871345954575,-3.711404496972325,-3.3601243920793147,-3.5417080312540348,-2.201318113364565,-3.0865607312692402,-3.5606846630290603,-0.0556486387023258,-3.640185391058555,-3.704184025989675,-3.5129088772085852,-3.35025460250518,-3.5344453920652246,-3.51484494563278,-3.3937240130819797,-3.377508921217315,-3.5469467557675554
17978,b3939,metB,cystathionine gamma-synthase (NCBI),-3.26486109364272,-0.968173640014505,-2.831781713345865,-3.184173097174245,-4.073815159115365,-4.4266666397918,-0.10838292576533506,-3.9423590788182747,-3.679705985612915,-3.14883576658166,-2.77777938134196,-0.10392602884383051,-4.85361519686527,-3.874357760795025,-2.391322520157275,-3.1344290556880248,-5.40611955801345,-2.9183624979419154,-3.58991113301572,-0.9689747714802155,-2.3487627279734697,-3.27536391052738,-4.001398044592275,-3.44517293616364,-2.04155342701531,-4.08371933191298,-2.0979482600226698,-3.187562193709625,-1.2414805281848151,-3.46172871960555,-0.17010857083217795,-0.549789803105437,-1.484830457499425,-2.92418397549642,-2.89915258128836,-3.565839527183485,-4.261301884323725,-0.30042966255498177,0.0882214791641356,-3.3891259888369847,-4.764484006914955,-3.572891414407285,-3.09743915615053,-2.02193453032592,-0.26232530412474797,-0.181632770780117,-2.3603300683799597,-5.006961258996755
17996,b3957,argE,acetylornithine deacetylase (NCBI),-3.283240373035145,-4.55640499741241,-3.2933451986812496,-4.7302582417478,-4.384472714861316,-4.37963603469432,-0.0637597940764661,-3.26017784204439,-4.310687135660505,-2.7416354687359004,-3.4165601989261,-0.07262043983035105,-4.90627078210908,-4.527751710396165,-4.13988087543601,-3.30236758999808,-4.645124612374525,-3.3301242711247,-4.08684666676906,-2.03310566234442,-3.74669307798293,-3.6531216981957253,-3.329082941530305,-3.64557168126168,-1.95354806091942,-6.24780914832707,-3.775022208378475,-3.3378526473841097,-2.5865939960372,-5.09101882018013,-1.3537337797192301,-0.10481451461230075,-4.33300135706826,-4.683197366481879,-2.959011997610915,-2.419202924498455,-4.42452641108747,-1.240442257411565,0.0041171044627541,-3.380992035109995,-4.81329533543743,-3.722335793745445,-3.3512472732627048,-3.42384048388456,-0.1057495075353362,-0.13582658352373211,-2.886943931214605,-3.760022578631885
17997,b3958,argC,N-acetyl-gamma-glutamyl-phosphate reductase (NCBI),-2.9615333463597153,-4.688048938592905,-3.1869509421693554,-4.3356383354025745,-4.101070064092485,-4.47952926781778,-0.057878563859220744,-3.134455334830095,-4.15442516955036,-3.02406573388591,-3.57977229288504,-0.07361026820677069,-4.982102991275591,-4.1348619134793605,-3.49194427770797,-2.727093781537965,-4.4904345731287005,-3.01839778372977,-3.3970030573261853,-1.7063225138838698,-3.7869859441162896,-3.1235040647980448,-3.19526231703801,-3.229739422585675,-1.75702758494876,-6.602330459380525,-3.03600037321921,-3.2533870652519497,-1.9951900898402402,-3.8388081649696053,-1.34486860727387,0.10736317610823645,-4.26991062641335,-4.12949601110632,-2.7116989835231298,-2.4951529488319197,-4.086278800486095,-1.201275934462305,-0.174571925107294,-3.187071905973755,-4.551938370248055,-3.3674630079268697,-3.32241172757564,-3.5533627578303646,0.004537381245247905,-0.030159501854244552,-2.41870471270162,-4.1118402918070895
17998,b3959,argB,acetylglutamate kinase (RefSeq),-2.69090029432682,-4.18016091994539,-3.2517673622582004,-4.80722228620872,-4.200550282346925,-3.56162544521354,0.011055679442646002,-3.00065903553674,-4.1376367118069695,-2.8454075142020647,-3.23504043354698,-0.05110031786005445,-4.851258123446005,-4.110479134803365,-3.505944360318665,-2.8609224104796054,-4.70637993786643,-2.9069955775225447,-3.0909513123298797,-2.303230192107015,-3.2772041925709097,-3.245189160318305,-3.291425957328815,-2.9086089394238304,-1.48563261140741,-6.185957613388675,-3.0216239564957803,-3.243313013760665,-2.35402957511972,-4.310814302378225,-1.1564538431361249,0.477048812067063,-3.838350195395365,-4.548009710966375,-2.9585779528829947,-2.523892337079155,-3.971409423641595,-1.29561320603142,-0.0909564244042609,-3.199953586949235,-4.26029177210256,-3.508730113959605,-3.08761783265637,-3.179740822582275,0.02504047703181155,-0.24249164679215301,-2.760530094883145,-3.60548705412628
17999,b3960,argH,argininosuccinate lyase (NCBI),-4.45234228912882,-5.07619963093436,-4.368540126973295,-4.95136439295441,-5.35756981719482,-4.74199487645714,0.07107858397615925,-4.30298234032474,-5.2675148044210705,-3.299258765579515,-3.54871039557385,0.0292467422436147,-5.820857425946345,-5.81086052016164,-5.44144132798518,-3.8575992105543646,-5.88130106934112,-5.000793714371815,-4.11671193767053,-3.659085751047995,-4.44897839601105,-4.193636178081819,-4.13597906221242,-4.626520757941815,-2.41073788324301,-6.11760066608264,-4.9904476665756,-4.5651849460625,-4.84132128177469,-4.1839677987352,-3.73700366598358,0.870970153286255,-5.64251575793351,-5.21615787009627,-3.7026135492521153,-4.06004748124951,-4.52922051919351,-2.7292877480380904,0.0317945568299309,-4.00639556176651,-4.63578445606298,-4.270816121525395,-5.478350289537865,-5.238975568908375,0.06008319268240455,-0.1331516658554433,-3.82696837381471,-4.13419575962393
18041,b4013,metA,homoserine O-succinyltransferase (NCBI),-1.93085588307875,0.116777781948586,-2.5605419242975103,-2.561585352085145,-3.0545444995219,-4.43366050856364,0.172944026375895,-2.9619015003085947,-3.116435360520765,-2.1839055848434348,-2.80087944002557,0.211574025724464,-4.280461410255885,-2.839538416395465,-2.21789926297987,-1.9555871309536852,-5.65986224109526,-2.547637505299855,-3.431621680976455,-0.321116742131008,-1.7812699231534799,-2.616330261794135,-3.158112102888585,-2.401320765001075,-1.63812437302865,-3.036927607006575,-0.739224189718289,-2.248842650150165,-0.8726735474672684,-3.61255597371549,-0.02378040753817285,-0.03135501147570251,-0.3177321463692485,-1.27999961850727,-2.553126332622295,-2.793377099184495,-3.7191279841407248,-0.42380128525742605,0.258976623035142,-2.9534713324882897,-2.5871714856623047,-3.453227397925665,-1.9519930914963148,-1.3041650731368262,0.1964293235386175,0.16200685191351666,-1.57211761116513,-4.115100647674505
18052,b4024,lysC,aspartate kinase III (NCBI),0.0021330594643987994,-0.29047435902220653,-0.28692965285283,-0.12073395340848661,-0.5420409758550055,-0.0407418994471556,0.0151333661695342,-0.38576045044879603,-0.187274761767011,-0.3792557707719105,-0.357312803869878,0.0524663801446211,-0.6304480382509214,-1.1739408985023099,0.09576413724260195,-0.2911720898273345,-0.311961834081638,-0.2695956783568025,-1.0152231206121698,0.0770690272266043,0.050419235364784605,-0.2590938963320775,-0.249644491379174,-0.2709814154090925,0.43974321729073,-0.9581908137132705,-0.756673707716814,-0.441569699234743,-0.214804460205407,-1.22700840983517,-0.0016224673454461498,0.0597116414341773,-0.259328786096306,0.006705981314139801,-0.1865916776023585,-0.23834688177429803,0.12306626739127191,-0.24164382932086997,0.0608051558196152,-0.3735463514447735,1.0156123015374114,-0.39993094624653547,0.1422758917863535,-0.14713816078411152,0.0638201883153498,0.09052414944134175,-0.1575813879067656,0.28236903195547347
18082,b4054,tyrB,"tyrosine aminotransferase, tyrosine-repressible, PLP-dependent (NCBI)",-0.7028428021737425,-0.9686300098881719,-0.21215884899154547,-0.05983437121222715,-0.355024845445461,-0.545261391395252,-0.014355720298577054,-0.3175139358815675,0.0023673742144619467,-0.210588921790841,-0.246738221474277,-0.009702079689456002,-0.6714404088434115,-0.1931845746239355,-0.22830977416132653,-0.0384945639197071,-0.199102316809501,-0.06057538105099371,-0.2909259860374185,0.10240282870501839,-0.444314451086944,-0.06914731428195495,-0.01153877332460235,-0.17087910555289,-1.22354668158138,-1.655833878219915,-0.253137207097513,-0.12119635036983525,-0.14999251916697348,-0.615652021994394,-0.21698639930747848,-0.1500531403352205,-0.831978888656396,-0.3748768794172255,-0.5797300142100665,-0.472169211873281,-1.33563737436875,-0.11038507537629705,0.0951180533435567,-0.207848907898128,-0.9750069242579915,-0.4031519060444385,0.1899005255093975,-0.08102524225193546,-0.11753193457734046,-0.1112199932855213,0.0730697214150376,-1.1051117304359
18409,b4388,serB,3-phosphoserine phosphatase (NCBI),-4.64152897166492,-5.54460723605928,-5.185840880997166,-3.8669896119976555,-5.78957340431299,-4.1836368896757,-0.713770445636136,-4.92280386146218,-5.068909194176185,-5.113692813525805,-3.92743979866146,-0.13381450944797607,-5.03588539452974,-5.334047122209855,-5.173074710346665,-5.026324914473115,-5.413671973265225,-5.267102347814905,-4.616717682107025,-4.357288223350215,-5.27087520165388,-5.2101178877632695,-5.59440995441485,-4.899905140363705,-2.22794748656017,-1.919935903870695,-1.605019787432095,-3.1156697309529147,-0.35330268698359,-4.717279952846985,-5.55096435200407,-3.39321110627248,-4.94758047893777,-4.989153669245971,-4.64309153486252,-5.155573316803115,-5.137839571289035,0.2125738270716225,0.0282739932131952,-5.008254399179915,-4.429183775587885,-5.333107937216595,-4.82751113410239,-4.736695665958635,-0.8500431722042345,-2.24179263097156,-4.110352363591785,-4.80492047036745
1937004,b3390,aroK,shikimate kinase I (NCBI),-3.5507259094109296,-3.277199958506155,-3.675976973246975,-3.5014750691001453,-4.748238919117441,-1.97575920031835,-1.36407422800854,-3.298854794420225,-3.36158089547925,-3.203897768130345,-2.57266256959428,-0.41732462054730846,-4.74168767761717,-3.480413328216505,-4.70446184132253,-3.7753303359620096,-3.6856258555508097,-3.263206739718985,-3.7283144885895654,-3.998633575639225,-3.236835542209735,-4.401589510318915,-4.042794573925035,-4.1033438386748,-1.74192390190541,-2.74494155622321,-2.1223324491474553,-4.14963678691738,-3.33957635687191,-2.87297771345293,-2.24366462534552,-1.937996417775285,-4.106695726869825,-2.28244995681286,-3.485751480433865,-2.91895754024934,-4.10263443603593,-2.876354712265975,-1.26676661703328,-3.7791891870009104,-3.72866424997334,-3.244946776790275,-3.979304837354415,-4.15338476279716,-2.4907011798417,-2.1362292987483498,-2.830543915424985,-3.528989376749795
1937119,b3770,ilvE,branched-chain amino acid aminotransferase (NCBI),-5.364319157290749,-4.87118969390941,-5.013020728066046,-5.389443367538945,-5.441100815027835,-4.64256948146923,0.1768846613471305,-5.152995561678665,-5.486437958378565,-3.596048793161955,-4.19006165935218,0.12447614511100735,-5.53886075933444,-5.863437995038365,-5.466493824591749,-4.301359775221735,-5.6822196945206205,-4.995829292373205,-4.350770911998685,-4.04448194117144,-4.966674003187094,-5.051835168155555,-4.96102853702957,-5.10159099844934,-2.31753880666796,-6.03697356143827,-4.373800797780065,-3.67841510173096,-5.168456127530195,-3.86998014152512,-3.473365158438825,-3.80069594173943,-5.35741710320924,-5.3405220815236945,-4.752683338743685,-4.78705937958335,-4.701951426015105,-4.036765504903925,0.0585493957259193,-4.168549174974855,-4.58959648237609,-4.856681472204816,-5.00508462915592,-5.41485943230631,0.121040320176902,0.1189710143116285,-3.8661070589214948,-4.66273519549085
1937120,b3771,ilvD,dihydroxy-acid dehydratase (NCBI),-5.332732710306805,-5.22550445544205,-5.141178338310125,-5.13119679822161,-5.7886529972878495,-4.86649461637669,0.0261949177598502,-5.28118600726374,-5.427343129574044,-4.5238286754262145,-4.39444528718684,-0.025393135144491104,-5.7198626517574755,-5.445487738112015,-5.714377138828279,-4.81168126398202,-5.74752201000945,-4.93772455657421,-4.92283238376681,-4.35926151967933,-5.38535605752835,-5.44950309302752,-4.78680062557458,-5.059133360696411,-2.75083066772223,-5.3646503453425005,-3.73980963413704,-4.226912687878025,-3.7168054499911847,-4.125095600510555,-4.51194625283606,-1.638871615781765,-5.353259782119725,-5.25541374745138,-4.569011873002625,-5.24222999467111,-4.724923265487875,-4.633024111203355,-0.226038295472269,-4.706006089638516,-4.978971938639685,-5.435393632300505,-5.356152392489295,-5.503956738987535,0.02823181156715815,0.02367935171783475,-3.7300783451454302,-4.739004754068615
